class	branch	sha	age_days
ARCHIVE_TAG	apply-updates-008	1379fdbab3b4a452dcf3db228ce7b43fd7e86369	11
ARCHIVE_TAG	architecture/system-interface-blueprint-001-current-main	530d357b75b247062ad1546a8b7accf584f6553d	10
ARCHIVE_TAG	book-eng-009-semantic-recovery-profile-001	6e7b7f8b7679812060a51baded7cf8de076f1fee	10
ARCHIVE_TAG	book-eval-lemonade-001-blind-resume-001	88c1870bd1653d52bf79bd65d251096fe7fa60e9	17
ARCHIVE_TAG	book-eval-lemonade-001-blind-resume-002	ff02c668104ef9439081b743c08c9d2400cb40f1	17
ARCHIVE_TAG	book-eval-lemonade-001-blind-resume-003-adapter-diagnostic	e8c8b3a8ecdac232c4b1dfdc55dbae48dbb569cb	17
ARCHIVE_TAG	book-eval-lemonade-001-blind-resume-003-adapter-repair	2904ede6395f29fd3342b7781dd9af1533a6a243	16
ARCHIVE_TAG	book-eval-lemonade-001-repo-bind-001	10b52a31e64ed272ee36261d507e53d91a042e61	17
ARCHIVE_TAG	book-eval-lemonade-001-repo-bind-v2	220498dbf8b083c8476b21ac82899c1b6a9fdb6e	17
ARCHIVE_TAG	book-eval-lemonade-001-repo-bind-v2-canonical	82f2dcaf0e20588ff9738f26f583e14ae511f4be	17
ARCHIVE_TAG	book-eval-lemonade-001-repo-bind-v2-final	742643f9119f24098b58f897c252acbda4b187a6	17
ARCHIVE_TAG	book-eval-lemonade-001-repo-bind-v2-final-safety	72e23944c8361aa221f92962f4ea3fa8c28de39b	17
ARCHIVE_TAG	book-eval-lemonade-001-repo-bind-v2-repair	35002e05f7b9904c0b42a9282070accb45caa6db	17
ARCHIVE_TAG	book-lifecycle-implementation-binding-001	77aa422e31d749f26369081f77a279d9f9aae9a9	10
ARCHIVE_TAG	book-prose-integration/phase0-revalidation-20260910-1115	564cd3e1265a60d9ac499b9d69db8e110d9ced67	14
ARCHIVE_TAG	book-system/author-decision-queue-001-a01-registration	583f5bd6c42098dea6f5597a16784e9225dfc764	15
ARCHIVE_TAG	book-system/author-decision-queue-001-a01-transport	3d3ffdd1b8d4f1092363fbc5edfa9498f4725a29	15
ARCHIVE_TAG	book-system/author-decision-queue-001-implementation	cf33b920f9de71c21297cdde64ed2e829e0dbc66	15
ARCHIVE_TAG	book-system/b04-qualification-harness-v1	0333f6be26443e2a9902804c33b8f09e2601e222	10
ARCHIVE_TAG	book-system/control-v1	9476997dc99dbbfe2c8ce09936e507d0b600cc67	12
ARCHIVE_TAG	book-system/control-v1-repair	d076a87fcfe9ff32682af2e17934eba881043d3f	15
ARCHIVE_TAG	book-system/e2e-harness-rebind-guards-001	d9acefa4aa38dfa598af5bcd583c00d69737a45f	15
ARCHIVE_TAG	book-system/e2e-harness-rebind-guards-002	3ca968f37786882e73d18b9887b7f408fabf8533	15
ARCHIVE_TAG	book-system/export-freeze-001	0bbdb5b6809dcd0d8ec0392a1b493641b4ffac85	15
ARCHIVE_TAG	book-system/reconstruction-b00-f10-evidence-recovery-seam	50d4495a11b338f42265d297a89f944b859be91c	13
ARCHIVE_TAG	book-system/reconstruction-b00-f11-v1-v2-migration	f8fa0351ae914b5c77fbca848fb7353d43bfefba	13
ARCHIVE_TAG	book-system/reconstruction-b00-f5-version-admission	fdfc2879c09cd098be9a0a49bbc4ddf26d5eadfa	13
ARCHIVE_TAG	book-system/reconstruction-b00-f6-lifecycle	7a76887006d4326054922cea1189b1ac52441d04	13
ARCHIVE_TAG	book-system/reconstruction-b00-f6b-lifecycle-rebind	c0e8d32df84d16cdb01bba9367f2768052f2fa2d	13
ARCHIVE_TAG	book-system/reconstruction-b00-f7-author-decision-rebind	d87686c4dcf32934daee15ec2c6e046d855808a0	13
ARCHIVE_TAG	book-system/reconstruction-b00-f8-integration-proposal-rebind	9c612d61e7ab02f25e9807a41e8b8de387983ac6	13
ARCHIVE_TAG	book-system/reconstruction-b00-f9-export-freeze-rebind	f90c7c306432efbbd82d91945719924f0553bec2	13
ARCHIVE_TAG	book-system/reconstruction-b00-parent-v2	4262c47a2b345d8f91b87e9cd622aa3c86142d8c	13
ARCHIVE_TAG	book-system/reconstruction-v1	27fe9a3621c92e414874ce229341e58e71b76375	13
ARCHIVE_TAG	book-system/request-author-decision-queue-001-a01	04cc2f93c9645420949e7b07c607ceb1abb733c2	15
ARCHIVE_TAG	book-system/request-e2e-authority-guards-001-a01	4e3df6ebc1ae127eaf163d9d757ed7111d4382da	15
ARCHIVE_TAG	book-system/request-e2e-authority-guards-001-registration-prep	f563a3646c2b1c275e37eb88fbf2f7aaffe122ee	15
ARCHIVE_TAG	book-system/request-end-to-end-authoring-001-a01	12e9bee1afd28b9b57d19b3b4ca61c59d45f20db	15
ARCHIVE_TAG	book-system/request-end-to-end-authoring-001-registration-prep	97db35ee8c41d71797835dbae359b1583a9b1866	15
ARCHIVE_TAG	book-system/request-export-freeze-001-a01	116fc2ed289e2b2c2c08e3471d7460e01a1f0e98	15
ARCHIVE_TAG	book-system/request-lifecycle-current-parent-compatibility-001-a01	bf378fd139538cb21d40c4dcf03adb1232dbfa39	15
ARCHIVE_TAG	book-system/request-lifecycle-current-parent-rebind-001-a01	9abf7aa217d442847d28f61774d4984d203fc852	15
ARCHIVE_TAG	book-system/request-version-and-rollback-001-a01	e7a8b9cae31c9de021d10918e702cf3fb3bf0010	15
ARCHIVE_TAG	book-system/rf012-owner-candidate-final-refill-20260910	67a23c0b09505dc3dd8fd748523fec3868f649b0	15
ARCHIVE_TAG	book-system/rf012-rescue-20260910	572a40d69c7f9b3077ae338ade382adafa16be2d	15
ARCHIVE_TAG	book-system/version-and-rollback-001-candidate	8e1f471f2b346edee62b2b680054f97920320333	15
ARCHIVE_TAG	book/bidag-004-dep-02-interface-repair-design-lock-001	1f2652b6da4b3c824915f43d22fd26054b9cb389	10
ARCHIVE_TAG	book/bidag-004-dep-02-source-evidence-checkpoint-001	7ddb0e29bbf986ac27b3bd6754afedad78025778	10
ARCHIVE_TAG	book/reconcile-post-morning-merge-20260910	c35bcb054113481e28cb280b4da1f2a52db5400d	14
ARCHIVE_TAG	book/workflow-scheduler-runtime-001	27fe9a3621c92e414874ce229341e58e71b76375	13
ARCHIVE_TAG	books-literary-prose-001	f566bf7a6690517f5d0973831487c2bb67ae4cf2	16
ARCHIVE_TAG	books/005a-r2-source-admission	d9d1f663808b1fed8ba7934c9eb953e1f5ba979c	13
ARCHIVE_TAG	control-gateway-r01-proof/receipt-cas	e275562eac6b292f3d09cb3b144aab812d06a149	12
ARCHIVE_TAG	control-gateway-r02-proof/receipt-cas	74bae6af403d8f9a08a417d6aaf98955e7ef34a6	12
ARCHIVE_TAG	control-gateway/learning-s06-gw02-bootstrap-candidate	c52afcc5cca6e7556a9ae537e721b9d0f029cf63	9
ARCHIVE_TAG	control-gateway/learning-s06-gw02-bootstrap-candidate-v2	861190d8c22b2ee02d90d718b62b946a5ee8c0c5	9
ARCHIVE_TAG	control-gateway/learning-s07-gw01-bootstrap-candidate	c8fc5348af94c9ed5f5315cdf57ad45eccab9851	9
ARCHIVE_TAG	control-gateway/learning-s07-gw02-bootstrap-candidate	52c3ab59814faace9df037a16d531fffc961f905	9
ARCHIVE_TAG	control-gateway/learning-s08-gw01-bootstrap-candidate	5b3ce192902109ce5a1986c871b08bd0f91b622a	9
ARCHIVE_TAG	control-gateway/learning-s08-gw02-bootstrap-candidate	786cffe2c83547a7ab5f4fc09859b08e4ba73648	9
ARCHIVE_TAG	control/github-control-plane-hardening-v2-20260910	886b2651da8644101975015a5d2411d07672ff26	14
ARCHIVE_TAG	controller-v2-foundation	a4ee34c881d87320fc0b3ea7f58047cb99937571	13
ARCHIVE_TAG	controller-v2/execution-001b-forensic-restart	beaaedf3b38c979ca162cc084e449ddb7a7e106b	13
ARCHIVE_TAG	controller-v2/foundation-002	773dca335a606f4e8d675f1f7fddd5ca36b1b5bb	13
ARCHIVE_TAG	controller-v2/foundation-002-rebuild	472666d7ea75f82e46947857a6af99a65ef6a385	13
ARCHIVE_TAG	controller-v2/foundation-002b	0b2f52bf7d2c265ef5dc4d5c5a4c949911bc7df7	13
ARCHIVE_TAG	controller-v2/foundation-002c	040947b8ac82e78071caa34d3de2e484d8e9be81	13
ARCHIVE_TAG	controller-v2/foundation-002c-c1	a2ed4205cb7674b41f09db42fd9e687cdcf8eb2d	13
ARCHIVE_TAG	controller-v2/foundation-002d	9436cf761888542c0a801089615271a9fff4ab66	13
ARCHIVE_TAG	controller-v2/foundation-002d-rebuild	38b9b815ceba96fc6acce98b3f286625292b0744	13
ARCHIVE_TAG	controller-v2/foundation-003	ec2fcbf188acfad20dd640cf14c2dbb5bf79c0dd	13
ARCHIVE_TAG	controller-v2/foundation-003-rebind	77fe9cf79f15aa3299030c2cc7da6daa65487b58	13
ARCHIVE_TAG	controller-v2/foundation-004	bfbe868d46ed4b2c59b57fbfef11b3ab0a2ddd59	13
ARCHIVE_TAG	controller-v2/foundation-004-c1-rebind	0a4f26145a358d045508cd5b4ef46d6b9e0b9e9a	13
ARCHIVE_TAG	controller-v2/foundation-005	5dc4b83811d8a1af1c48d7cdbab71e22e7863fc5	13
ARCHIVE_TAG	controller-v2/foundation-005-c1-rebind	2d41fb86d0058cba5391e0f5bdd00f60248977b1	13
ARCHIVE_TAG	controller-v2/foundation-006	5dc4b83811d8a1af1c48d7cdbab71e22e7863fc5	13
ARCHIVE_TAG	controller-v2/foundation-006-c1-rebind	73823a31e58e2083549a7916afbfed6065f7113d	13
ARCHIVE_TAG	controller-v2/journal-transport-test	b3d6b5f74634cf95280329a23405c8ffaabcbf1e	13
ARCHIVE_TAG	controller/native-github-ingress-20260915	91f24bfd3475a76798c7247563aab3e25c009fcc	9
ARCHIVE_TAG	core/a01-closed-loop-repair-001	ca3a924e6194eca884b9f6ae896bacf1e8718c21	15
ARCHIVE_TAG	core/a01-closed-loop-repair-001-a01	5ca45883306f8675887e76eb3ff9b20618bae961	15
ARCHIVE_TAG	core/a01-closed-loop-repair-001-integration	e1d5d38b0533d31425706ea761f0a1ee80e72d01	15
ARCHIVE_TAG	core/a01-closed-loop-repair-001-integration-a01	6f2703d42d4d1642ed5de27ee0a9c13b961583ef	15
ARCHIVE_TAG	core/a01-closed-loop-repair-001-integration-final	9ba6debf8c8ebda59712cb2f78e8b5a0426c511b	15
ARCHIVE_TAG	core/a01-closed-loop-repair-001-integration-hosted	a36bbd3e3e50c97b87526f72c42929c2acef8720	15
ARCHIVE_TAG	core/a01-closed-loop-repair-001-integration-v2	5ac0954bc684429f55a2ccf2edac2306024f87e7	15
ARCHIVE_TAG	core/kr001-spreadsheet-data-custody-20260911	19f19c0dee669a2beaf2db7aededefa275ab800a	14
ARCHIVE_TAG	core/scope-lock-authority-reconciliation-001	d309e14410f37e23320f052ce4b96ce9cefbe78e	13
ARCHIVE_TAG	core/smr018-superseding-lineage-001-candidate	4d0c58a40c591dc07b73f0ed90b3954570ddcca1	15
ARCHIVE_TAG	core/smr021-custody-final-refill-20260910	a95896896f5125337e2c6796f25f872d740782d3	15
ARCHIVE_TAG	core/smr021-data-acceptance-003	3c3544e797d4773d313ebdbac9a02669a8bb65f9	13
ARCHIVE_TAG	core/state-reconciler-closed-loop-integration-001	c51e697502d86165ff3473709f6a9f1d925fce83	15
ARCHIVE_TAG	cq003-step003e-recovery	c7bc80a50cc600007479ae2829a528a9056d51c7	17
ARCHIVE_TAG	cq003-step003f-a01	4d3a6fd224b5f0d851ee7fac5fdc5d4d6d734baa	17
ARCHIVE_TAG	cq003-step003f-a01-probe	89ddd4a365df2f869e3cc92eaf98ba32f52cba55	17
ARCHIVE_TAG	document/cr001-r4-github-native-import-candidate-20260910	de06c006a5518c17e0d37e58b42fbe8e94faa056	14
ARCHIVE_TAG	document/cr001-r4-import-v2-20260910	0e2dd785652b9fa7b14ce7eaf5d9b57b6d546c34	14
ARCHIVE_TAG	document/cr001-r4-v2-exact-repair-20260910	2d2e42331b79eb54fe1696e8e86289ab8025d107	14
ARCHIVE_TAG	document/cr001-r4-zip-transport-final-20260910	60c5ef3681befc3af05016f6000bcbf380817675	14
ARCHIVE_TAG	documents/control-v1	92cdf489d5b3d4294f6b90104ec1753cc2da289f	13
ARCHIVE_TAG	documents/full-build-readiness-reconciliation-001	add8145d45b657d8e754a20148e14b4499380847	13
ARCHIVE_TAG	documents/r4-current-capability-ledger-admission-007	dbea54620c6d3b6479f64d981b6ff3c8b4cdf01f	13
ARCHIVE_TAG	documents/r4-current-lineage-admission-20260912	ed65c99a087ae76b65b556b8008e5ec78dff0c78	13
ARCHIVE_TAG	documents/r4-github-native-source-admission-005	dcc4a3e53e07a269dd8d1ad0756398e86e0749f8	13
ARCHIVE_TAG	documents/r4-payload-staging-004	0e645a49e36b7cd0dc05017571f91b999f0c70c0	13
ARCHIVE_TAG	documents/r4-post-admission-root-ledger-compatibility-006	7c720c41c15a7e569368f3923f706ca89a97c037	13
ARCHIVE_TAG	documents/r4-post-admission-root-ledger-compatibility-006r	2a2ee724ab4724ff1a7aa10941384c138635eccc	13
ARCHIVE_TAG	documents/r4-second-shift-20260911	6d9434c79fcecbff11b810f6b4319f9480d29201	14
ARCHIVE_TAG	documents/r4-source-admission-005	2b80473616e9924d0efe06cf42ad68cda1e0bb7f	13
ARCHIVE_TAG	documents/r4-transport-contract-reconciliation-003-20260912	6a43895dea7b373798e0772f45497b765f3f1260	13
ARCHIVE_TAG	documents/spine-effect-runtime-001-20260912	66243b93cbb253ec4875add66e03b7bdc8903efb	13
ARCHIVE_TAG	documents/spine-identify-prebuild-freeze-001a	aea293ce59d3e942f054297ccae8ecd819d8a3cb	13
ARCHIVE_TAG	foundation-root-authority-registry	b6ceebc733bbcff873992b8e35f59b125f4a700c	13
ARCHIVE_TAG	foundation-spine-documentation-final	4210e94fe52a6594b29280756215becf716f1976	13
ARCHIVE_TAG	foundation-spine-documentation-reset	a64b39452ad128ded580e5052fd7447d6fa9c1d1	13
ARCHIVE_TAG	foundation-spine-master-completion-map-001c-20260912	bb43c1225368d58eb0ae47a47725bab4a378ba8e	12
ARCHIVE_TAG	foundation-spine-master-completion-map-001d-20260912	dbd4d5d949ee806734277400887cc2dcf2d31e48	12
ARCHIVE_TAG	foundation-system-root	0d7d84e8f6f939dcc6bf2180281ff722ce1be6fc	13
ARCHIVE_TAG	foundation-system-root-build	89525e4c552211b56e8ee72bccf6d51c9b3ca4bb	13
ARCHIVE_TAG	foundation/contracts-build-001-20260912	777a2937f446ca2b28424915da5034fc3d04f2e1	13
ARCHIVE_TAG	foundation/contracts-freeze-001-20260912	42a534b1c9cb495c128b38ffc925ba1f5b6d6ddf	13
ARCHIVE_TAG	foundation/contracts-recovery-001-20260912-0320	7db809f6c40aaeae108bdf245cc07783725218e7	13
ARCHIVE_TAG	foundation/contracts-recovery-lock-001-20260912	a601522e9751daa18fb680787f8df8d10897025c	13
ARCHIVE_TAG	foundation/core-resource-admission-recovery-001-20260912	bca030f44bba40ccced286226c6c3c2b23796865	12
ARCHIVE_TAG	foundation/delegation-build-001-20260912-0306	4974e8fcd56cbc1bcd01c7bef7a89834c65654c7	13
ARCHIVE_TAG	foundation/identity-owp002-20260912	023392cc6ed80031ed9f75f682d431d5a149bff5	13
ARCHIVE_TAG	foundation/keel-build-001-20260912	67e3346cad9a3451889beeb3bb9bfbe92673fe8e	13
ARCHIVE_TAG	foundation/keel-recovery-lock-001-20260912	674af2d6177702b7246e0e40fa039b81a62ec2ed	13
ARCHIVE_TAG	foundation/master-completion-map-001-20260912	bdc3c3d90050290f74c7dfdd7fc4545dadc63032	12
ARCHIVE_TAG	foundation/p05-governance-schema-validation	7b2d90bf1bcd431263796ee2902989c5a7130363	11
ARCHIVE_TAG	foundation/planning-orchestration-build-001-20260912	410c2a71e94d8926c9c7eda4342d5f62b38af33e	12
ARCHIVE_TAG	foundation/planning-orchestration-recovery-001-20260912	cfd7d5024508e643f8964ebfe601c455a7cb107e	12
ARCHIVE_TAG	foundation/work-chain-recovery-001-20260912	f53da2bd85b764bdefcd6e61949c1656f1dd1091	12
ARCHIVE_TAG	github-a01-controller-forensic-reconciliation-001b-qualified-frozen	2c2ecbbc69a85f3077713041cf81ae939445828a	12
ARCHIVE_TAG	github-a01-controller-forensic-reconciliation-001c-qualified-blocked	c5260120cb80b88b27db6aece27c7e92a22c7886	12
ARCHIVE_TAG	github-a01-controller-forensic-reconciliation-001c-qualified-frozen	1daebd0aaddb858deb8c165e313c70f57801b825	12
ARCHIVE_TAG	github-a01-controller-forensic-reconciliation-001c-r01-admin-handoff	6eaccde859ee8cae713c0c21c12fbf74e3154c08	12
ARCHIVE_TAG	github-a01-controller-forensic-reconciliation-001c-r01-evidence	77b14c31523ce1f8b54ce120a030b4072be0ff9d	12
ARCHIVE_TAG	github-a01-controller-forensic-reconciliation-001c-r02-production-active-frozen	752e472e6f85a34950a242a22b6cc827dd207b82	12
ARCHIVE_TAG	governance/actions-cleanup-20260910	ff3ff7027382dfbd12ff33ecce402fac78bd6d9c	14
ARCHIVE_TAG	governance/actions-cleanup-v2-20260910	8d32f5c80ebce79a459db47e30670bd29f58bd82	14
ARCHIVE_TAG	governance/book-prose-authority-reconcile-001	1fa060abe157ec2c49c65e7114a8765320b5cc55	14
ARCHIVE_TAG	governance/learning-113-requirement-closure-001	403ab65cfc2d176a64d71f5ee58e61d54d0f88d9	10
ARCHIVE_TAG	governance/learning-closure-reconciliation-001	c74d632c760124da090727086473d8fa52ea41b8	10
ARCHIVE_TAG	governance/learning-delegation-schema-repair-20260910	3f54e84d28c357e6778521d2098480039da806d5	15
ARCHIVE_TAG	governance/learning-handler-binding-authority-001	a9ad9aa8b3e18720bd839047974150e32c39a4f3	10
ARCHIVE_TAG	governance/p9-topology-validator-compat-20260910	db2a10f8bb7d4da36fce254525ed85407aa570ea	14
ARCHIVE_TAG	governance/p9-topology-validator-compat-v2-20260910	0a104b78ce2ed2246825c6538cecf2588964a8a1	14
ARCHIVE_TAG	governance/system-interface-blueprint-001	99945631de54b5e109b36f7aa7c7fbf0cc109a61	10
ARCHIVE_TAG	hardening/authority-driven-governance-20260911	c545a2b5b6e12001337c4b9fb98799ccddba9b19	14
ARCHIVE_TAG	hardening/reduce-governance-fanout-20260911	e79867dbf7e7b4954fed436f9f8b50717594e085	14
ARCHIVE_TAG	infrastructure/github-reliability-control-plane-001-rebase-20260910	9d456d4af970b86ed3749c7469f92300b869d380	14
ARCHIVE_TAG	knowledge-recovery/spreadsheet-data-custody-001	7a3904af286a46eabdb213af46ab8eb6a31d8ad8	14
ARCHIVE_TAG	learning/001e-batch-01-20260910	1af31a49c5452d2b8dd40ea7200a50201aa90fd2	14
ARCHIVE_TAG	learning/001e-ordinal-07-research-prep-20260910	ac77d5e9de62a05ed1c3c60c32d2ae1718d94571	14
ARCHIVE_TAG	learning/a01-request-pilot-001-run-001-84a4d72d	c63973e6699862a73628ef67f1da4e317b96403b	16
ARCHIVE_TAG	learning/assessment-target-batch-01-20260910	a4138c8621da305103656b1337fef1e7742d67ce	14
ARCHIVE_TAG	learning/assessment-target-contract-20260910	361a156e883d8f02ddd0302a5a9b6bf89c1f8a60	14
ARCHIVE_TAG	learning/assessment-target-domain-ii-batch-01-20260910	ad77d47d8d8a0d116ce90e77ba5f6d2c73a2e7e5	14
ARCHIVE_TAG	learning/assessment-target-domain-ii-batch-02-20260910	89ddd97aefe7f55ca580684eba96313edc1b9a05	14
ARCHIVE_TAG	learning/assessment-target-domain-ii-batch-03-20260910	a3af97b66dfc82e4201c252c0e831a20da3c2225	14
ARCHIVE_TAG	learning/assessment-target-domain-ii-batch-04-20260910	63220d812940ba42de7f5f05d8d6df45e5716feb	14
ARCHIVE_TAG	learning/assessment-target-domain-ii-batch-05-20260910	ad5cef5d6fec9fe9fcd99ab22584e14af8291fa0	14
ARCHIVE_TAG	learning/assessment-target-domain-iii-batch-01-20260910	5eb70641dd03393c2be951d1d9c9ec848f791baa	14
ARCHIVE_TAG	learning/assessment-target-domain-iii-batch-02-20260910	fbf48e26e2c7d6a44b5fec7deb9aa8d9378e8b87	14
ARCHIVE_TAG	learning/assessment-target-domain-iii-batch-03-20260910	7daced5a4739d95a4d72dc892d8e51146c2eea87	14
ARCHIVE_TAG	learning/assessment-target-domain-iv-batch-01-20260910	6731c9ad431fe1d5eb980da25e36a5ce0c090d43	14
ARCHIVE_TAG	learning/assessment-target-domain-iv-batch-02-20260910	ef4eecb6f758f56a61f4889476b28463e7d0da31	14
ARCHIVE_TAG	learning/assessment-target-domain-v-batch-01-20260910	a9039b2fe096225eedc3c89156b9144491a14f57	14
ARCHIVE_TAG	learning/assessment-target-domain-v-batch-02-20260910	7627712b35da77f942c93cd572e580c70cb252af	14
ARCHIVE_TAG	learning/assessment-target-domain-vi-batch-01-20260910	5965b8bfea52092e2d812c89512af2d14e1d1b06	14
ARCHIVE_TAG	learning/assessment-target-domain-vi-batch-02-20260910	648e002e5a4053ff35caffd260c7a640eb53ed25	14
ARCHIVE_TAG	learning/assessment-target-full-closure-20260910	65496b9d5ec1e3eeef2a98b93763633577078ea6	14
ARCHIVE_TAG	learning/control-v1	e645c4446113ac3966a7ab580db381b0e1729f90	10
ARCHIVE_TAG	learning/dependency-adjudication-batch-01-20260910	d06a5482d1b1f9e502c9fc62dbf73a38f92a6a66	14
ARCHIVE_TAG	learning/dependency-adjudication-batch-02-20260910	7e5aaa7153ff9250f5b9bda5004e4546e2b68ced	14
ARCHIVE_TAG	learning/dependency-adjudication-batch-03-20260910	8fffba0717fde986cd4635df20187f961c146d4b	14
ARCHIVE_TAG	learning/dependency-adjudication-batch-04-20260910	50c6b95bec1cdec79d559dc76651dffba83c9496	14
ARCHIVE_TAG	learning/dependency-adjudication-batch-05-20260910	06e4388186d0d81c2531f3afab1dd7b6d30e22e5	14
ARCHIVE_TAG	learning/dependency-adjudication-batch-06-20260910	35138886c28e76cb2e8eb13fc49100783557ba9f	14
ARCHIVE_TAG	learning/dependency-adjudication-batch-07-20260910	ac3b6f069a7df4e4e78c9f81391b5f233808f448	14
ARCHIVE_TAG	learning/dependency-adjudication-batch-08-20260910	b2c5c8102b661f2bc7edcf8ea1df5a4e85df2917	14
ARCHIVE_TAG	learning/dependency-adjudication-batch-09-20260910	cbb088c84bcd539912aada5f9a34598cfd9c9eb6	14
ARCHIVE_TAG	learning/dependency-adjudication-batch-10-20260910	3614ec23b7639753344f161240d44443a02978a2	14
ARCHIVE_TAG	learning/dependency-adjudication-full-closure-20260910	36ffc99c05e15fdcf9233303e035e5ce4159fc23	14
ARCHIVE_TAG	learning/domain-ii-batch-01-rescue-20260910	81de3adcd1740a4091438ffe843810922fe46476	15
ARCHIVE_TAG	learning/domain-ii-batch-03-20260910	100cdf5818e1282d86489fbb476c541c5bb795e3	15
ARCHIVE_TAG	learning/domain-ii-batch-04-20260910	41468b4f24349752306a643cf7f22a32a91953c1	15
ARCHIVE_TAG	learning/domain-ii-batch-05-20260910	04469b546d41dc666b59c101a684f4fa42a7dbce	15
ARCHIVE_TAG	learning/domain-iii-batch-01-20260910	06a43c9bc54a595da519e51bc206ba983d062456	15
ARCHIVE_TAG	learning/domain-iii-batch-02-20260910	a56fd070018b51626e146aa8e6f55064d031862a	15
ARCHIVE_TAG	learning/domain-iii-batch-03-20260910	2173fb8ab84b03b8775f5e513a3c857618300e39	15
ARCHIVE_TAG	learning/domain-iv-batch-01-20260910	97e04018ef22691b56af6d54ee5c6fd50aecc138	15
ARCHIVE_TAG	learning/domain-iv-batch-02-20260910	d83c4163da60538aba2d985641eaaa9b8427bef6	15
ARCHIVE_TAG	learning/domain-v-batch-01-20260910	b672375e81099f205048ff9858b661180ea3e294	15
ARCHIVE_TAG	learning/domain-v-batch-02-20260910	2164e3a7068fea6d72a2df74678d23e28c0b284b	15
ARCHIVE_TAG	learning/domain-vi-batch-01-20260910	b7dd51ba978a142e15097f8e56c16d69124ed389	15
ARCHIVE_TAG	learning/domain-vi-batch-02-20260910	3d5aa677c818ce965511ae6804e592fe130840d3	15
ARCHIVE_TAG	learning/executable-curriculum-001d-20260910	02dc615fcb5d44b997ed1322848eccc6e37bb172	14
ARCHIVE_TAG	learning/full-graph-closure-20260910	02b8c03922cfdf0acdfa62d5c10c8db44a620b91	15
ARCHIVE_TAG	learning/handler-binding-i066-i070-20260915	4b056f01bbad43adc2fce740fc4aba2b669aa485	9
ARCHIVE_TAG	learning/handler-binding-i066-i070-post-lock-20260915	c13eff24010f54f42e27a64332a729e633eb77e0	9
ARCHIVE_TAG	learning/hosted-prequal-study-design-001	a5fb516696ad3c3d717b0a097ab7d0c550c05dde	16
ARCHIVE_TAG	learning/hosted-prequal-study-execution-receipt-001	e2ff3273dacc502d187a4afb135c3e5425cf9d53	16
ARCHIVE_TAG	learning/i066-i070-rebase-phase1-20260915	34039b8f068f0bc78c0da71af70d32e728833aed	9
ARCHIVE_TAG	learning/impl-015-baseline-diagnostic	6748157d7c9f6c255abfa6ff89af89ed2a3b3c13	17
ARCHIVE_TAG	learning/impl-015-baseline-diagnostic-v2	b719df09b8792c6a06332aa56587e4a9dc43de90	17
ARCHIVE_TAG	learning/impl-016-adaptive-entry-continuity	0a2140ff47e98cc5dda880ae7ca695436eb8c5a6	17
ARCHIVE_TAG	learning/impl-017-system-master-runtime-integration	b1b3d518fc750e68364d9741ddc0f0498d0a3dad	17
ARCHIVE_TAG	learning/impl-018-domain-general-runtime-binding	3033ff5f9fa3e6e281226ba346e640c35cab04cc	17
ARCHIVE_TAG	learning/impl-019-open-goal-runtime-binding	c8fd76c6f9208f1602df87d88145dc7f9ebc6f2d	17
ARCHIVE_TAG	learning/impl-020-provider-acquisition-pinning	983618a45e40a25e7e7fac2c623596bd9502dfec	17
ARCHIVE_TAG	learning/impl-021-provider-multicandidate-selection	f12eee27fca496769ccef8108c63881e9d377a0d	17
ARCHIVE_TAG	learning/impl-022-live-multisample-acquisition	ccbf2b114909825a6c94215515c5eee2ce9c96ca	17
ARCHIVE_TAG	learning/impl-023-http-model-provider-adapter	9c59cfeb4da58a6e57bf924518f91e97e5ce24a5	17
ARCHIVE_TAG	learning/impl-024-http-research-provider-adapter	3a230abb34f9dab955e05de64a89f6f432243762	17
ARCHIVE_TAG	learning/impl-025-system-master-full-http-provider-integration	7346a224103baffc18a1d0ea6e6a9474c77e112f	16
ARCHIVE_TAG	learning/impl-026-production-provider-configuration	1d221d452d7aa8b0b03584e5aca9da87fb247ee9	16
ARCHIVE_TAG	learning/impl-027-adaptive-journey-evidence-continuation	decc470ff648693d6c2487eed8191c665f521e18	16
ARCHIVE_TAG	learning/impl-028-tutor-interaction-continuation	93c4241e7397e5c4ec39d1105d07788262778ada	16
ARCHIVE_TAG	learning/impl-029-learner-action-presentation	fdec1de760c842d7d8b8e3eaeaba2cedf09d77e6	16
ARCHIVE_TAG	learning/impl-030-unified-turn-controller	4e5be5cb342459b81ef3fc46529316dbeec9978d	16
ARCHIVE_TAG	learning/impl-031-fresh-evidence-task-admission	7f3f9b9d0690c6d0d5f643b69ec44a4ad6b7ca03	16
ARCHIVE_TAG	learning/impl-031-post-entry-tutor-route-unification	3193d8b8cb6f777dcc8d17b3fb81407d9a6f5160	16
ARCHIVE_TAG	learning/impl-032-fresh-evidence-provider-acquisition	a468dc7550469e697a06e5e2c32bb7bd6d952565	16
ARCHIVE_TAG	learning/impl-033-unified-fresh-evidence-recovery	cb5200b91bc8e7bb2920cfd3b2f4f219ea2e8b43	16
ARCHIVE_TAG	learning/instructional-scoring-001e-batch-01-20260910	670aec5c42962d64adbc989ac535d0ae21f46594	14
ARCHIVE_TAG	learning/instructional-scoring-001e-batch-02-20260910	d63a8f4a0b698ef446dd5e3a0658e85d72a8864b	14
ARCHIVE_TAG	learning/instructional-scoring-001e-batch-03-20260910	eb7a410ee23634ac29780224cb954a798cea890b	14
ARCHIVE_TAG	learning/instructional-scoring-001e-batch-04-20260910	8236781a5df74fd9127463d24d7919542deffd72	14
ARCHIVE_TAG	learning/instructional-scoring-001e-batch-05-20260910	cf6db676c0058b79c0b32b7300d425852958f83f	14
ARCHIVE_TAG	learning/instructional-scoring-001e-batch-06-20260910	604f1af5241fa90778a7956a62b7ff3d64ac2f27	14
ARCHIVE_TAG	learning/ownership-freeze-001b-20260912	9e6df0b5c98139c357f3f397d775b59ad32048b4	13
ARCHIVE_TAG	learning/pilot-001-effectiveness-review-001	7c9c8a326c69b83ba80fa0d7907012bfeeae26d2	16
ARCHIVE_TAG	learning/pilot-001-effectiveness-review-001-prequalified	5c709c00578dd465644f90f9ca26da8774cbe6e6	16
ARCHIVE_TAG	learning/pilot-001-real-learner-closed-loop	b99388f30cf837ebffef813a87d37ac736d4a11d	17
ARCHIVE_TAG	learning/pilot-001-refresh-001-current-runtime-binding	4f198dd5922a3597146cd3d4e43a2ffd24ad1f27	16
ARCHIVE_TAG	learning/pilot-001-refresh-current-runtime-binding	1db2d66caaaba7c551bb52d0fc1aaf3c2f6cb179	16
ARCHIVE_TAG	learning/pilot-001-run-001-closed-loop-completion	f262893ac413a6d933c7ec703b4d6ef5d6137939	16
ARCHIVE_TAG	learning/pilot-001-run-001-execution-prep	f36e10ac432a5d949826fe833689a579a9638c44	16
ARCHIVE_TAG	learning/pilot-001-run-001-final-human-execution-a01-closure	68b5a37bc1cf95e0c60cb2b0bbd593a72de6497f	15
ARCHIVE_TAG	learning/pilot-001-run-001-final-human-execution-candidate	effcc16b158f16ec5cbc82ea228df9be52d0b75b	16
ARCHIVE_TAG	learning/pilot-001-run-001-final-human-execution-ready	f49ac9eaf6e0f11894bf47f5d773090b4ef60ebf	15
ARCHIVE_TAG	learning/pilot-001-run-001-final-human-execution-repair-001	c4798daff248564ac6cd9aa5538bee5ed2a628d8	15
ARCHIVE_TAG	learning/pilot-001-run-001-final-human-execution-repair-001-candidate	ec83f726b5e026024eaf3a98f83083859ee87259	15
ARCHIVE_TAG	learning/pilot-001-run-001-final-human-execution-repair-002	2568265e2b2e179fc9457eed93ec31fee98eb6cc	15
ARCHIVE_TAG	learning/pilot-001-run-001-final-human-execution-repair-002-candidate	2568265e2b2e179fc9457eed93ec31fee98eb6cc	15
ARCHIVE_TAG	learning/pilot-001-run-001-final-human-execution-repair-003	66f25c8fd2eba3c31ed8dd06b6e0f8e90dc43893	15
ARCHIVE_TAG	learning/pilot-001-run-001-final-human-execution-repair-003-candidate	66f25c8fd2eba3c31ed8dd06b6e0f8e90dc43893	15
ARCHIVE_TAG	learning/pilot-001-run-001-final-human-execution-repair-004	d823a6ed9648098d1fc8c25b44de9b25cffe17eb	15
ARCHIVE_TAG	learning/pilot-001-run-001-final-human-execution-repair-004-candidate	f49ac9eaf6e0f11894bf47f5d773090b4ef60ebf	15
ARCHIVE_TAG	learning/pilot-001-run-001-human-session-integrity	1807635c5455e28fdbc18cc6743d5489585541e2	16
ARCHIVE_TAG	learning/pilot-001-run-001-operator-preflight	effcc16b158f16ec5cbc82ea228df9be52d0b75b	16
ARCHIVE_TAG	learning/pilot-001-run-001-real-participant-stage-1	84a4d72dccd05230e6fc85b3d0ff0a1fa4ec2535	16
ARCHIVE_TAG	learning/pilot-001-study-design-001	4feb167d68e2823d6066b170cd9624498e225620	16
ARCHIVE_TAG	learning/pilot-001-study-design-001-prequalified	8a1fecea8af2dff49b88815ee141882afa21908a	16
ARCHIVE_TAG	learning/pilot-001-study-execution-receipt-001	4370251c694cfc6b0db6797cd55ded3db0a7b452	16
ARCHIVE_TAG	learning/pilot-001-study-execution-receipt-001-prequalified	bf1d1190a7e520e4f68d223f973a73bed80522ec	16
ARCHIVE_TAG	learning/prequal-request-pilot001-run001-f36e10ac	a20781cc1775f443188f49252450ac801a40e47a	16
ARCHIVE_TAG	learning/proposed-impl-022-live-multisample-acquisition	33d00327b3e04ea793716f2329afeb1a2538e460	17
ARCHIVE_TAG	learning/proposed-impl-023-http-model-provider-adapter	9f75ba854f08e152a3d47de9689aba6e1717576c	17
ARCHIVE_TAG	learning/proposed-impl-024-http-research-provider-adapter	6048bc2b56747c57adbc506b07a82b3cb27b7c39	17
ARCHIVE_TAG	learning/proposed-impl-025-system-master-full-http-provider-integration	1c21e8980957587ba0886e028b04712a497e1538	16
ARCHIVE_TAG	learning/proposed-impl-026-production-provider-configuration	dbd02d06c4b3561a71c795c607129ec3364620b7	16
ARCHIVE_TAG	learning/proposed-impl-027-adaptive-journey-evidence-continuation	df3fbee5dffdd461621b108329dd73faf3877930	16
ARCHIVE_TAG	learning/proposed-impl-028-tutor-interaction-continuation	9f52f11c834bc0fd3ee2d25908bb93f7f10acc13	16
ARCHIVE_TAG	learning/proposed-impl-029-learner-action-presentation	efbe7b45b341af46761b8199cb43005b667c6521	16
ARCHIVE_TAG	learning/proposed-impl-030-unified-turn-controller	832305e74765f9da4b8e68c8f9f9a74b50dd1876	16
ARCHIVE_TAG	learning/proposed-impl-031-fresh-evidence-task-admission	6dc6636ca5f01a6e347b81a294b5e7be2f1dc508	16
ARCHIVE_TAG	learning/proposed-impl-031-post-entry-tutor-route-unification	81941e5394cc48c3c92e68908775a7e2d5e2f64b	16
ARCHIVE_TAG	learning/proposed-impl-032-fresh-evidence-provider-acquisition	4bd1763f1310304963be17bceaa3f18a499ee6f6	16
ARCHIVE_TAG	learning/proposed-impl-033-unified-fresh-evidence-recovery	1bd2b6b5d8416bb5b8cde449db58ab7eb51b467d	16
ARCHIVE_TAG	learning/qual-001-closed-loop	5e730b46ed5995437e6b45f69f3847c2f4a166a6	17
ARCHIVE_TAG	learning/qual-001-integrated-impl016	799b706bc50fe93eaac5d66e7c0d67a820f7e9bf	17
ARCHIVE_TAG	learning/qual-001-integrated-impl016-v2	a2f2e8490862040792090ceb92bd8220c7ec9ae2	17
ARCHIVE_TAG	learning/repo-baseline-import-014	c1e0d934722d4caaf240002797b758dd9836a6fc	17
ARCHIVE_TAG	learning/repo-baseline-import-014-direct	ddf31afafe8f02ac31462292fa059f0fdcc56b46	17
ARCHIVE_TAG	learning/repo-baseline-import-014-direct-v2	ddf31afafe8f02ac31462292fa059f0fdcc56b46	17
ARCHIVE_TAG	learning/repo-baseline-import-014-final	ddf31afafe8f02ac31462292fa059f0fdcc56b46	17
ARCHIVE_TAG	learning/repo-baseline-import-014-hosted	30d7c0d5f3c32cbde37163e00eef988a9fd39287	17
ARCHIVE_TAG	learning/repo-baseline-import-014-transport-final	ddf31afafe8f02ac31462292fa059f0fdcc56b46	17
ARCHIVE_TAG	learning/repo-baseline-import-014-transport-final2	ddf31afafe8f02ac31462292fa059f0fdcc56b46	17
ARCHIVE_TAG	learning/request-closed-loop-overnight-prequal-f262893a	8553098de35381523275ee02f54cfb2fbef7dfd7	16
ARCHIVE_TAG	learning/request-evidence-handling-8e32036e	cf6627d5d91d1665993d1ef324a80ae7ce4ce591	16
ARCHIVE_TAG	learning/request-final-human-qualifier-0190678c	a241cbfe710472d5f14142ece4e8781f74c58318	16
ARCHIVE_TAG	learning/request-final-human-qualifier-34f1f6f4	a14e7ac45cb6af2b38726884c6ebf536f966a140	16
ARCHIVE_TAG	learning/request-final-human-qualifier-effcc16b	69f66c84166c4cc65e5da264e164ac7040c70344	16
ARCHIVE_TAG	learning/request-final-human-repair-002-hosted	193b58ac7ed13cf3be4a3578c69bddf89728894c	15
ARCHIVE_TAG	learning/request-final-human-repair-003-a01	190ff32ccf93abe536ceea1e48e98c54ca258989	15
ARCHIVE_TAG	learning/request-final-human-repair-003-hosted	014f4e4b49c23f4fed3a0417624f79d3454ab3d0	15
ARCHIVE_TAG	learning/request-final-human-repair-004-a01	b3e7d157a22e1ae7e15fc44218d2741ade688d9e	15
ARCHIVE_TAG	learning/request-final-human-repair-004-hosted	52bd21f7c527f0405751af0bcbf3b11ed3ba80f2	15
ARCHIVE_TAG	learning/request-final-human-repair-ec83-a01	03ba02f7adc0d23b6fbb1a58d917f865f02bc84e	15
ARCHIVE_TAG	learning/request-final-human-repair-ec83-hosted	a7048b343cd311457d5daf3ce010e645642cd8c5	15
ARCHIVE_TAG	learning/request-guarded-entrypoint-86fe6d5e	64c124c3d8433b4b38194a158b6f78a314a750a0	16
ARCHIVE_TAG	learning/request-handoff-1d9fd53b	8f169f88188847101bc6353485312f172913c4fb	16
ARCHIVE_TAG	learning/request-operator-preflight-e781f6a1	dce56a48ece36f4416cface5a79138eefbbb9209	16
ARCHIVE_TAG	learning/request-pilot-001-effectiveness-review-001-prequal	722a479204e6d1d9fefa9529428eb9cc2561e49d	16
ARCHIVE_TAG	learning/second-shift-20260912-production-binding-002	77a34e3bc40417a2cae3de32ba7d40462a1cff0f	13
ARCHIVE_TAG	learning/system-master-interface-portable-001-second-shift-20260911	3d04108a51145294f118420060da2b7a1cde598e	14
ARCHIVE_TAG	learning/system-rebuild-001b-foundation-benchmark-20260912	95c171ae4861e612be46dfb94322a3a6ee309300	12
ARCHIVE_TAG	learning/system-rebuild-001e-self-regulation-20260912	e5c83d677e8b7f0327f5e57c35717c5f90882fda	12
ARCHIVE_TAG	learning/system-rebuild-001f-ai-tutoring-20260912	4361669f64f267f3303d2be7f4ab2a8341cebc2f	12
ARCHIVE_TAG	learning/system-rebuild-001g-evidence-mastery-20260912	d3c28f8712650720cddbb51178f51d1c51bf470a	12
ARCHIVE_TAG	learning/system-rebuild-001h-adaptive-next-action-20260912	92042a54f4d56338ee6abdc5d0bde1321647fd40	12
ARCHIVE_TAG	learning/system-rebuild-001i-assessment-model-governance-20260912	787b54de478dc3a63e1a02948ae4c2f16309069a	12
ARCHIVE_TAG	learning/system-rebuild-001j-learning-effectiveness-20260912	c3c060596fa484dad030b13325871a0c243cf7de	12
ARCHIVE_TAG	learning/system-rebuild-001k-standards-interoperability-20260912	3ae0d12b55edcda8ca44c6fc0a5f4ab5b8ef7317	12
ARCHIVE_TAG	learning/system-rebuild-001l-constitutional-reconciliation-20260912	39786d38f2b51777a9adee26ce7e5a4bae771857	12
ARCHIVE_TAG	learning/system-rebuild-001m-s01-constitution-materialization-20260912	4e594a281d437ffa5632c90b9b660379e0147241	12
ARCHIVE_TAG	learning/system-rebuild-001m-s02-learner-model-srl-runtime-20260912	714f6d93460fabbf76f7d9fe39c0591b0279e33b	12
ARCHIVE_TAG	learning/system-rebuild-001m-s03-evidence-mastery-conditions-20260912	b733b90b2799108f4dec4a681422fa9bead89d3d	12
ARCHIVE_TAG	learning/system-rebuild-001m-s03-reanchor-stage-20260912	bc5f418af681c4f10063479617a169ce7527b144	12
ARCHIVE_TAG	learning/system-rebuild-001m-s03-reanchor-stage-20260912-v2	bc5f418af681c4f10063479617a169ce7527b144	12
ARCHIVE_TAG	learning/system-rebuild-001m-s03-reanchor-stage-final-20260912	bc5f418af681c4f10063479617a169ce7527b144	12
ARCHIVE_TAG	learning/system-rebuild-001m-s04-reanchor-stage-20260912	62e12e5309d389907dc064a83c7937b6c9ed2b42	12
ARCHIVE_TAG	learning/system-rebuild-001m-s04-tutoring-adaptive-runtime-20260912	62e12e5309d389907dc064a83c7937b6c9ed2b42	12
ARCHIVE_TAG	learning/system-rebuild-001m-s05-assessment-model-governance-20260912	cf936d0798e4eef6ebd459dfeab4747b6f3cc3a9	12
ARCHIVE_TAG	learning/system-rebuild-001m-s06-learning-effectiveness-20260912	3a31d49c91feac4a0827b4d49d433e436f347534	9
ARCHIVE_TAG	learning/system-rebuild-001m-s07-standards-interoperability-20260915	3cf585c3b18f6a02492d04a122594656f45d0849	9
ARCHIVE_TAG	learning/system-rebuild-001m-s08-cumulative-qualification-20260915	d88be7fc77b187b8125dfc770b9ed66d14b048dd	9
ARCHIVE_TAG	literary-prose-blind-eval-001	4a852dd2f1d6c191be5c274d0209b3991d3e5edb	15
ARCHIVE_TAG	literary-prose-engine-001	b3b0909bc6720a3bc5938de29d4bf3bde9dd4e05	14
ARCHIVE_TAG	literary/a01-migration-001-equivalence-probe	42c37309f15d23f5d92c5a30646a036645036b52	16
ARCHIVE_TAG	noop-do-not-use	ca3ca8d8c94517a5cb77307812208bf62ac1a304	10
ARCHIVE_TAG	ops/p0-clean-main-final-20260914	b52a37c9a800abdf8ecf49776d81ef8fa8d4d77f	11
ARCHIVE_TAG	ops/p0-verification-proof-20260914	5f6a72cbdcc96e453d796107c017251f35670a63	11
ARCHIVE_TAG	pqf-repair-a01-001	1f24fc9b9d30c74fd8346e1c0d92d33ad3066355	9
ARCHIVE_TAG	pqf/repair-a01-execution-owner-001	67b23eca1d9b2460e3113ef049a4b1711723236a	9
ARCHIVE_TAG	proof/p0-clean-main-verify-20260914	ec62325d15245e53d4afbf9c2de113fa84d52779	11
ARCHIVE_TAG	proof/p0-pr86-final-20260914	c05f27d32e595f5143817eff2631e9f98deb8a5a	11
ARCHIVE_TAG	proof/p0-pr86-final2-20260914	7b57fbb461909ffe3cebb33b42bd16113c495844	11
ARCHIVE_TAG	proof/p0-pr86-verification-20260914	24381e53a7b65adb339d9b21e7b95e18c18a3d1f	11
ARCHIVE_TAG	prose/foundation-closure-final-refill-20260910	808cb8505c4df343771a553a77a14db85e0cc2c3	15
ARCHIVE_TAG	prose/foundation-parent-reconciliation-20260910	12c3e591c1af0da60cfd915c8ff7299f120b45e1	15
ARCHIVE_TAG	prose/foundation-parent-reconciliation-v2-20260910	9b3d2cbf17f347d0393bbd8764109a326f1542a3	15
ARCHIVE_TAG	prose/foundation-parent-reconciliation-v3-20260910	ab83839605dc288826f374767462927893a49545	14
ARCHIVE_TAG	prose/foundation-parent-reconciliation-v4-20260910	6a0e728e541965fa07c518c0149fd0f50692fb28	14
ARCHIVE_TAG	qualification/a01-code-qual-001-frozen-20260915-01	bdb4e63ffc661242e2ce6b994dda303a415c0f3b	9
ARCHIVE_TAG	qualification/a01-code-qual-001-run-20260915-01	bdb4e63ffc661242e2ce6b994dda303a415c0f3b	9
ARCHIVE_TAG	qualification/a01-hosted-runner-slim-probe-002	83c285583d6c0fbbb055818213dcb6cdf1d59acd	14
ARCHIVE_TAG	qualification/github-hosted-runner-probe-001	719023ecb61ebff25f6d260521c406e2345b9279	14
ARCHIVE_TAG	qualification/knowledge-recovery-programming-001-request	bdf835bf67794d59ab95909bf3118c9e66326df2	14
ARCHIVE_TAG	qualification/knowledge-recovery-programming-001-run-002	ed23d2409352e9f7057155ae76bc62c07dff86ff	14
ARCHIVE_TAG	qualification/knowledge-recovery-programming-001-run-003	9dc11fac2871ad712545a62656441ba8ceca45bc	14
ARCHIVE_TAG	qualification/knowledge-recovery-programming-001-run-004	98361fe491dc55fff6789f71db506680303a6fdc	14
ARCHIVE_TAG	qualification/knowledge-recovery-programming-001-run-005	8366d0f77862775f004aefbb4ddb7c70ab0f6069	14
ARCHIVE_TAG	qualification/knowledge-recovery-programming-001-run-006	0ebe8bd65de74fa31aa242c852e4e0482b945c87	14
ARCHIVE_TAG	qualification/knowledge-recovery-programming-001-run-007	f6bd609687e03c91b6f41d0bcf8d64f77f04dcb6	14
ARCHIVE_TAG	qualification/knowledge-recovery-programming-001-run-008	f7bb8a6c3faa27f2642a6c64a1dd45d3c49376e4	14
ARCHIVE_TAG	qualification/knowledge-recovery-programming-001-topology004-run-001	4a2d4f7168f48728ef67d187ff43afb97c9568d9	14
ARCHIVE_TAG	qualification/schedule-learning-run001-overnight	ea139ab9e9cf7c75499476616ed55f6ecceb8101	16
ARCHIVE_TAG	recovery/execution-claims-001	32dc6795e7c1d268ab66946ce1d6af882520419c	10
ARCHIVE_TAG	recovery/foundation-authority-derived-state-reconciliation-001	ba0689a0389958d108571b50329b039e167a8156	10
ARCHIVE_TAG	recovery/foundation-p04-current-evidence-admission-001	cf9bc97a1993192b52f78b0061977bbfb9eee1a8	10
ARCHIVE_TAG	recovery/nine-peer-sole-custodian-001	94e2b6399a690e4a2c6623b3a9e8443a0c9c7941	11
ARCHIVE_TAG	recovery/single-writer-enforcement-001	504e156e3b5a3b16b6e67c7df1c8e504f47a6bd3	10
ARCHIVE_TAG	reliability/second-shift-controller-stress-20260911	fdaac99eb6492f9ab24682291d7f1696bb766809	14
ARCHIVE_TAG	reliability/second-shift-controller-v2-20260911	6d0602660c8544bfd15f07f19752f9b51d04c55e	14
ARCHIVE_TAG	repair/a01-control-plane-selftest-a1	b4d3afe8ec12dbc95914213319e10379ad278789	15
ARCHIVE_TAG	repair/book-second-shift-contract-20260911	240f7e59b68f5f3b8c61cafabeae99f89df61315	14
ARCHIVE_TAG	repair/current-control-contracts-20260911	682ff0d77614cd51fde2bf968c8d606305d401ff	14
ARCHIVE_TAG	repair/current-owner-state-drift-v3	5faf810fe2a4b633cf7aeddfe2c750f324db9a20	11
ARCHIVE_TAG	repair/foundation-1-0-census-topology-007	a832cf0529a695b1fcbc1367192ebb637bdc6afc	11
ARCHIVE_TAG	repair/foundation-1-0-reconciliation-current-main	cacfc875e693029d0464c3c08d191d97f2f8b621	11
ARCHIVE_TAG	repair/foundation-closure-matrix-live-truth	ad5b515bc06daa5394beb67e7c2f9c6bae603a50	11
ARCHIVE_TAG	repair/foundation-matrix-committed-projection-freshness	0a3b9f64687216b9730c7f305b85cfeb88b4608f	10
ARCHIVE_TAG	repair/foundation-matrix-projection-freshness-current-main	b2963f5f89cc01c541121cca42721e2c57906052	10
ARCHIVE_TAG	repair/foundation-p00-current-authority	0a2aa0c000a6774bed88c1caa1e39a96d4a9bb96	11
ARCHIVE_TAG	repair/learning-current-authority-owner-binding	c21007b7fc878f6840ae44a6b4fab51f5a606311	11
ARCHIVE_TAG	repair/learning-second-shift-current-head	aad96c6d7a5a8e9fc935f4ffd36d81021a357baf	11
ARCHIVE_TAG	repair/learning-second-shift-current-head-v2	568aa50f74b85226ed767a174561a95b8ed77a62	11
ARCHIVE_TAG	research-knowledge/book-source-query-provider-001	f7c01300fb84fc990d61b3c0ba2e76a0ec1791b1	10
ARCHIVE_TAG	runner/capability-audit-001	bd103b6d8dc3551d379be56d6ce7525ccce79537	17
ARCHIVE_TAG	runner/python-install-001	c50391bb37bf0189c47c7218bff3b4bba6cfc009	17
ARCHIVE_TAG	second-shift-control-gateway/cg-001-mission-freeze	14d87b02ac33198c9780ef80ffc8689d2da5dbe8	13
ARCHIVE_TAG	second-shift-control-gateway/cg-002-lineage-rebind	887f1e49b0f7a6973de1be38b446e225b8abac39	13
ARCHIVE_TAG	second-shift-control-gateway/cg-003-active-work-state	912b62fc49db0ac549cc3a06768659acd41d2a0d	13
ARCHIVE_TAG	second-shift-control-gateway/cg-004-github-publication	76c63ca0d48e3691142cb02ffa37f9a4e6a1f005	13
ARCHIVE_TAG	second-shift-control-gateway/cg-005-github-admission	c30404321e5e4cd296539443b224930ce83afed6	13
ARCHIVE_TAG	second-shift-control-gateway/cg-006-chat-recovery	a4b2e078ae2231242978e23b724ee27bf11f1d90	13
ARCHIVE_TAG	second-shift-control-gateway/cg-007-validator-closure	8d6a9bd0fd22cc0ee8db2fe688b4c2e0209f91c4	13
ARCHIVE_TAG	second-shift-control-gateway/cg-008-supervisor-integration	54d20108311f4f5930017720b11794b3d3196731	13
ARCHIVE_TAG	second-shift-control-gateway/cg-009-dependency-concurrency-cancellation	3f51ce1bf1e34cd3ddc2100ff2efacbb47947102	13
ARCHIVE_TAG	second-shift-control-gateway/cg-010-night-scheduler-retirement	cb6da74731fc5d1564a16fdd0a0ea3ca67f747e1	13
ARCHIVE_TAG	second-shift-control-gateway/cg-011-a01-closure-repair	bad4708ba91b533c333ba2659ab99bf071710ba6	12
ARCHIVE_TAG	second-shift-control-gateway/cg-011-a01-host-qualification-001	49ab356a3a3942d4a6e56d0264f05a60fde79212	12
ARCHIVE_TAG	second-shift-control-gateway/cg-011-a01-qualification-001	418ec81e3d4491e487801b882c369c17bcb1cba9	12
ARCHIVE_TAG	second-shift-control-gateway/cg-011-a01-qualified-frozen	bad4708ba91b533c333ba2659ab99bf071710ba6	12
ARCHIVE_TAG	second-shift-control-gateway/cg-011-exact-f4f-a01-cumulative-rerun	e5dd44bd7610b42549e0979511bb6eb9066d5c1c	12
ARCHIVE_TAG	second-shift-control-gateway/cg-011-failure-restart-idempotency	0f4012928161cdb7e70b7ec4884057e4a94b0792	12
ARCHIVE_TAG	second-shift-control-gateway/cg-011-failure-restart-idempotency-audit-repair	04749ee89672a377d9dc3b7b38e12ce9d5afa0c5	12
ARCHIVE_TAG	second-shift-control-gateway/cg-011-failure-restart-idempotency-audit-repair-blocked	01578b956a719ac349fd22f1947e97f778d626d0	12
ARCHIVE_TAG	second-shift-control-gateway/cg-011-failure-restart-idempotency-audit-repair-blocked-r20	01578b956a719ac349fd22f1947e97f778d626d0	12
ARCHIVE_TAG	second-shift-control-gateway/cg-011-failure-restart-idempotency-frozen	f4f3787f90788e964fcd2b12872a7a10392d78c1	12
ARCHIVE_TAG	second-shift/2026-09-12-forensic-restart	20f6ae19509511a29947fef4e888b1d310b01c66	13
ARCHIVE_TAG	second-shift/core-durable-runtime-continuity-recovery-001-20260912	170860ea430da7b1a26a402512b1d54fb89b5a69	12
ARCHIVE_TAG	second-shift/core-durable-runtime-identity-contracts-preflight-adapter-001-20260912	06949eb788f2e66fb93a5dc3ab0b5f28a397347e	12
ARCHIVE_TAG	second-shift/core-identity-delegation-design-lock-20260912	370754adee0994ef2e1edfd7af1dab6ad8e5c781	13
ARCHIVE_TAG	second-shift/core-identity-delegation-inventory-20260912	c0dd701f49a40f8740f0569bcc245705aeeb1457	13
ARCHIVE_TAG	second-shift/core-identity-owp001-20260912	4fb1938f3d54606af42fcfe3e9a74eaf90386e03	13
ARCHIVE_TAG	second-shift/core-identity-owp002-20260912	2c9f12a4bd7d770b968a5bc32d5b57c5f8ebbcb4	13
ARCHIVE_TAG	second-shift/core-identity-owp002-evidence-seam-20260912	b2dd1300e0eff84d17399ed4abf5ea73b105e527	13
ARCHIVE_TAG	second-shift/core-keel-build-001-20260912	40cf431fd2ad4857e126a95715a449b7325515de	13
ARCHIVE_TAG	second-shift/core-work-chain-inventory-001-20260912	4be09460a8696cbd3ad61fb770673090f2feaeb8	13
ARCHIVE_TAG	second-shift/core-work-project-recovery-001-20260912	766bfe84acd17cdc6552a8adc00151be7efe83ce	13
ARCHIVE_TAG	second-shift/execution-state	2892ee8dd1f3a488968ce118345076c4502e946a	9
ARCHIVE_TAG	second-shift/mastery-001-all-night-operating-model	5905da7deadbc9d227d9976dae91804365dbe99d	12
ARCHIVE_TAG	second-shift/pretonight-hardening-20260910	b335bd762eade7c6393235289597f96300a335f3	14
ARCHIVE_TAG	system-master/a01-control-plane-admission-broker-001	49cbf6fc7ee2d2375d70f015903a02d9504de520	15
ARCHIVE_TAG	system-master/a01-control-plane-call-proof	83afb7fa90f77679ee14e37b49c7ec8c3d9e9c19	16
ARCHIVE_TAG	system-master/a01-control-plane-cg011-host-qualification-001	746ec9c3d0178a87871110e54eb73a4914733eae	12
ARCHIVE_TAG	system-master/a01-control-plane-dispatch-002	3a8004813e18d7defbf1f9ebc47f5bd8fcd30fb9	15
ARCHIVE_TAG	system-master/a01-control-plane-overnight-001	6dd44ed6b9057ef03a066355698a03f97f662474	16
ARCHIVE_TAG	system-master/a01-control-plane-overnight-001-final	c3a6eae987093941317a0c193494b35b6b447495	16
ARCHIVE_TAG	system-master/a01-control-plane-overnight-001-reconciled	4aff2b8c69570302ce2e237bae326f58025f727c	16
ARCHIVE_TAG	system-master/a01-control-plane-v8-metadata-admission-qualification	94a32b51352f6be018d9a736ba35895e21a0174f	14
ARCHIVE_TAG	system-master/a01-migration-continuity-staging	e0b00c69c7fd5954e04a8736b225eeaa6c1ef95f	16
ARCHIVE_TAG	system-master/a01-registration-dispatch-barrier-001	3edd39827a715edd9b9fbc45aba764a988a1948d	15
ARCHIVE_TAG	system-master/a01-unblock-34291041277	c07b792a1870babd81047bd04b8ede81cfa7c677	16
ARCHIVE_TAG	system-master/assurance-reconciliation-001	2a7bac4f258ef7e77fa489946c2faaadb7742b3b	16
ARCHIVE_TAG	system-master/continuity-target-ios-suspend-resume-qualification	9fea89ad87027221f4d53b219d1610320fbada97	16
ARCHIVE_TAG	system-master/continuity-target-windows-reboot-evidence-002	beea043d6c738ba2a2e6a6a6917ec27a1bd4cc98	16
ARCHIVE_TAG	system-master/continuity-target-windows-reboot-qualification	2baa85946822b45131fb44107c9ce77aa687f4f1	16
ARCHIVE_TAG	system-master/control-v2	54de1268b1036f966dd9235f5463e430ab1fcd19	13
ARCHIVE_TAG	system-master/foundation-c04-chat-closure-001	8674cc3694eb1c65c92738c8aa08326fbec1fb51	9
ARCHIVE_TAG	system-master/foundation-p08-qualification-pass-semantics-001	3559de893927162bfe75bbc4b1b382177f854e36	10
ARCHIVE_TAG	system-master/foundation-p15-observability-morning-rollback-001	a3be1360d7b936a17c87572515cf63d83e471fad	9
ARCHIVE_TAG	system-master/foundation-spine-doc-pointer-compat-20260911	c4a6fe4c2fc6fd1151b00cc18e43334a01355c25	13
ARCHIVE_TAG	system-master/foundation-spine-doc-reset-20260911	3fd1a42cc77259bbb3a290b621a746cf1c714144	13
ARCHIVE_TAG	system-master/g-wp-001-a01	30f200a537878c2552ed1741e0022a6f30b58c5c	16
ARCHIVE_TAG	system-master/g-wp-002-a01	db8989b18844fdcd0d87a5d17a056b83143dbba0	16
ARCHIVE_TAG	system-master/g-wp-003-a01	8e13d92f738d1c0ff410202cf6e4f6daf3b62a1b	16
ARCHIVE_TAG	system-master/g-wp-004-a01	6cedfce799db37994617e98f1f727141f809ef3f	16
ARCHIVE_TAG	system-master/g-wp-005-a01	b4046b6eb6e8813c8dc5860d549d56c27daf574e	16
ARCHIVE_TAG	system-master/g-wp-006-a01	fd87083d0c83abf66c4673db6aea30b3607ad562	16
ARCHIVE_TAG	system-master/g-wp-007-a01	1e3354a0ceadb808fab54dcbb287a183d81d53d7	16
ARCHIVE_TAG	system-master/g-wp-008-010-continuity-slice	ba5713958cd2930c7c54e3d5fdadc41dd7a7a9ca	16
ARCHIVE_TAG	system-master/g-wp-011-014-continuity-slice	55afb02dd3b13e0d74013dd26faf7dbf69cead29	16
ARCHIVE_TAG	system-master/g-wp-011-015-continuity-slice	347b0e4931f6fbc53a9c7bfe906e634fd90ac9af	16
ARCHIVE_TAG	system-master/owner-lane-execution-lease-binding-001	83afd9b929cfe3ae0755e48414ef2046b73c21b1	14
ARCHIVE_TAG	system-master/pqf-repair-a01-001-execution-worker-single-owner-fence-loss	2ed39b849ecf6b8e16b2097fbfdc72a9ac546200	9
ARCHIVE_TAG	tmp	c408660e0e05ee00d733513b618287f471b1f408	15
ARCHIVE_TAG	tmp-controller-001c-probe-do-not-use	121e269d72b8bd78316f59f81e21fd2df323ee9d	12
ARCHIVE_TAG	work/system-master/github-reliability-001-chat-20260910-1859	77b4796e6372cefc737920f9c0954a4426767a57	14
ARCHIVE_TAG	work/system-master/github-reliability-001-chat-r2-20260910	985d7355a8e10f5c6bd3b447e7b3b41bd7c8ada5	14
DELETE_MERGED	BFochtman746-patch-3	f437ea6d2ae512461b0c97840d45042e63976ef6	7
DELETE_MERGED	a01-engineering/candidate-ingress-001-clean-replay	8f3c66d6edee09316d3fa584938e53c76e260669	5
DELETE_MERGED	architecture/system-interface-blueprint-001	a861a67f5dc57cc7576e949e42f045172a0c6df1	10
DELETE_MERGED	book-eng-009-state-promotion-001	bc0b529fdf4fe9ac1a7d14d7d2900a9dcce89d25	10
DELETE_MERGED	control-gateway/execution-worker-recovery-002	f1bff90fd1a59635ea0e275522f72ac4c13f7bab	11
DELETE_MERGED	control-gateway/native-bootstrap-ingress-001	13d11db2e5f22188bf1ecfdbd143624b02dcc5bd	9
DELETE_MERGED	control-gateway/native-bootstrap-writer-slug-fix-001	8b335f37289370f4dbbc86b8b70ac1cf578f8be7	9
DELETE_MERGED	control-gateway/native-command-ingress-001	f3fc04547de128d42ed13de731ec749bc6cdbf54	9
DELETE_MERGED	core-authority-head-rebind-001-clean	17fe456f00249a2deee0005a9af1f99ffaf43256	5
DELETE_MERGED	docs/discoverability-registration-001	d6c394b94ae788e8edf5e52a63e4fd80df48ef73	7
DELETE_MERGED	feat/actions-runs-001	3d0ab7f224ef9cfbe4d7abd50cdd98e70967260a	7
DELETE_MERGED	fix/actions-run-completion-001	7536e10961ad6e57cb83b4e445839be9f877bf0d	7
DELETE_MERGED	fix/bootstrap-reconciliation-001	6220bc9124027bbbe73ac24d36e4cc067ad5f6b0	7
DELETE_MERGED	fix/claim-work-correlation-001	13294244a7fd093beb903fb1e33f295c27c1d03d	7
DELETE_MERGED	fix/document-truth-gate-001	a07a8fd4310f46fa14b2a8035ac62013a90063bd	7
DELETE_MERGED	fix/local-gate-parity-001	f9488486260e980eaacc34b5c537fd8ba752dcd1	7
DELETE_MERGED	fix/qualifier-reporter-parse-001	6bcfa0c42cece190a023da581f2c62e96cc671e2	7
DELETE_MERGED	fix/run-completion-inventory-001	28e2200f339083301727cc8e07bc7df40c429e36	7
DELETE_MERGED	foundation/c11-response-expectation-engine-001	b8f29163d197700b296113da44722cee731773fd	9
DELETE_MERGED	foundation/capability-contract-specification-current-main	a3a2c7347687b4487a330c9b42377d7b35b7d6a4	10
DELETE_MERGED	governance/current-learning-authority-manifest-001	5516631dc2db50f9eb119fcfad73a0d8dfbf39ac	10
DELETE_MERGED	governance/foundation-capability-contract-spec-closure-001	01ece1ad36dd776f35e865e8db2bfbedbfa07b6b	10
DELETE_MERGED	governance/learning-113-closure-matrix-001	7ca73c1ed6ee54df79c36751cbaa6fb8ce0eefb0	10
DELETE_MERGED	governance/learning-113-closure-matrix-001-copy	fe63d656235facb48aaf7a69547102dec2028890	10
DELETE_MERGED	governance/learning-113-closure-matrix-001-copy2	fe63d656235facb48aaf7a69547102dec2028890	10
DELETE_MERGED	governance/learning-113-closure-matrix-001-copy3	fe63d656235facb48aaf7a69547102dec2028890	10
DELETE_MERGED	governance/learning-113-requirement-closure-001-rebased	b4d03f28b5e2d1c5d52e2e712448c10543420651	10
DELETE_MERGED	governance/learning-21-gap-resolution-001	497118b5e811bdbf304042f577eb6da5121ec4f4	10
DELETE_MERGED	governance/learning-closure-reconciliation-002	3796907d94b8b15dd63d23d406d942ef20981fe1	10
DELETE_MERGED	governance/learning-current-authority-rebase-2026-09-14	46a5d3b79aa969f59fc9f0f05929e0f66ec5533f	11
DELETE_MERGED	governance/learning-forensic-disposition-matrix-001	36f7e8f3ed9b130924d83ce7a9ba27c7035d85f3	11
DELETE_MERGED	governance/learning-forensic-disposition-matrix-001-current	71805d5ed33a30ba65b0e8ca338931648a91e11c	11
DELETE_MERGED	governance/learning-forensic-disposition-matrix-002	744cf084966b1b9716e3c1960c735ab7d3ecaf2d	11
DELETE_MERGED	governance/learning-traceability-closure-001	03b2fe4ce9da6ce93a5ba46e14c87ca65edce255	10
DELETE_MERGED	governance/post-learning-reconciliation-enforcement-repair-001	178180649f89806501a4f0ebc3e1a4ecce08af12	10
DELETE_MERGED	governance/system-interface-blueprint-001-v2	28e183e9e5a8888acec98be893e8a4c0cfe3bfd2	10
DELETE_MERGED	governance/system-interface-blueprint-001-v3	28e183e9e5a8888acec98be893e8a4c0cfe3bfd2	10
DELETE_MERGED	launch/second-shift-2026-09-14	30c98afe510b2a41e0fbb23e78036023cde5b78e	10
DELETE_MERGED	learning/63-handler-binding-001-current	fe42e8526a7a73ddc19fa7d9671dcb5c7165ad9c	10
DELETE_MERGED	learning/63-handler-binding-001-current-v2	d9c8cbef83063c312fcced3a1411c7ce9bbb8d8e	10
DELETE_MERGED	learning/63-handler-binding-001-tranche-002	d557445ef41aa907a4598d67bb4036a2dbf19549	10
DELETE_MERGED	learning/63-handler-binding-001-tranche-003	956b90299065d14fe65dcb57a8f956794d3fc6c9	10
DELETE_MERGED	learning/63-handler-binding-001-tranche-004	37b827e77371494c95eb3c8c64be359f98286d67	10
DELETE_MERGED	learning/63-handler-binding-001-tranche-005	a083c97f03410178c07425cbbddf0487abe60b0b	10
DELETE_MERGED	learning/63-handler-binding-001-tranche-006	9b2b5a50ffcf3b04472b822368d9f659e53d03ad	10
DELETE_MERGED	learning/63-handler-binding-001-tranche-007	f9cbaa26069f4586d771b45a7f7ad22129fd1e9d	9
DELETE_MERGED	learning/handler-binding-i066-i070-post-governor-20260915	6df1dfe2d62df4d8001d097aca3b3290f967811e	9
DELETE_MERGED	learning/handler-binding-i071-i074-20260915	d0b1921ae6660b2878515533046cd580a5a0c445	9
DELETE_MERGED	learning/handler-binding-i076-i077-i088-20260915	82419c5f763910ad42e1b0e23a703fa72046c1b2	9
DELETE_MERGED	next-shift-003-execution-registry	30c98afe510b2a41e0fbb23e78036023cde5b78e	10
DELETE_MERGED	programming/pqf-001f-d1-night-scheduler-claim-response-repair-001	c726126ffd45e15be4d32f103bd6e0290463a620	9
DELETE_MERGED	protection/required-verification-gate	975bc7fa7118a85da0721181b45c85d30a5000f6	11
DELETE_MERGED	protection/required-verification-proof	2c027b41d2222e7abebeb68329554caa886387ad	11
DELETE_MERGED	record/a01-inference-topology-001	a65aa05d148ed447454084e55674efdc0873fb92	7
DELETE_MERGED	recovery/core-consolidation-001	c359312017d8ed76c3b1bcdb1711d914b084c3e6	11
DELETE_MERGED	recovery/foundation-p03-current-evidence-admission-001	464f6db47c73a36a41f394e8898cee48aa220cd6	10
DELETE_MERGED	recovery/foundation-p05-current-requalification-001	292d127c8849bec7b8660cc8810af8a495672af9	10
DELETE_MERGED	recovery/foundation-p06-current-requalification-001	d4d198c07cb07f5c8e2ccd0a3a82a86a8b011a8c	10
DELETE_MERGED	recovery/foundation-p07-current-requalification-001	352f6bae362449b86b320222a470fd95d7966970	10
DELETE_MERGED	recovery/p0-verification-truth-001	ca919001f93612fa5af416f30d4bbdcb360d7357	11
DELETE_MERGED	repair/authority-005-topology-007-lineage	481812ff65eefe8451f496c9d349f4e8df802481	11
DELETE_MERGED	repair/bootstrap-authority-005-topology-007	6a1b63693a31b561d899eb12e513cfb30a659f4f	11
DELETE_MERGED	repair/control-plane-pr-single-writer-001	7b64f6fc015484f48850d1767b66e8f968fb0d06	9
DELETE_MERGED	repair/foundation-matrix-current-inventory-authority	261f793f0ed17ff0d38ab76fb996bb717bd7a66d	10
DELETE_MERGED	repair/foundation-matrix-projection-freshness-registry017	e5cefcdabf7e81f86b2d3ea9eb35a35368af6e25	10
DELETE_MERGED	repair/foundation-p00-current-subject-v2	8f6740f7e16dddaee6575a5f463adc5d4106fb91	10
DELETE_MERGED	repair/knowledge-recovery-topology-007-current-authority	a867cef9d3a6004196f7fde261ba8d932f662679	11
DELETE_MERGED	repair/learning-control-record-lineage-current-main	b75b2a0f6f00e3a4d062e4577410d9eafc596d88	10
DELETE_MERGED	repair/pqf-repair-a01-001	5dfd6f1c02d3c41714a6a5f9724f12959e218c29	9
DELETE_MERGED	repair/second-shift-execution-control-29of29-20260914	fc2ad0d98398151f5360f1813f5559274473344d	10
DELETE_MERGED	system-master/c04-development-response-governor-001	796968c7a0fa7fb68fb7656398928a056a210abb	9
DELETE_MERGED	system-master/foundation-p09-repair-broker-lineage-001	77b6ca0aef64af2d8e25b2f509ad4678980e04d7	9
DELETE_MERGED	system-master/foundation-p10-second-shift-supervisor-001	7e6eaf8e3aa9016b9c55a2dcdd7071371b54bcd9	9
DELETE_MERGED	system-master/foundation-p11-night-scheduler-001	9e1b4a54869e0c3f84248e5cbf04edef41342e55	9
DELETE_MERGED	system-master/foundation-p12-github-a01-ingress-001	2573a5c5ded61d17ff2422227c6fa689503011ad	9
DELETE_MERGED	system-master/foundation-p12-github-a01-ingress-002	da1639b9aab562abdcf3061938f4014973c8591e	9
DELETE_MERGED	verify/second-shift-execution-control-29of29-20260914	acd223b4c2f91e5ddd353ea51dd823de85444d8c	10
DELETE_PATCH_IN_MAIN	BFochtman746-patch-1	b84cbd7800c29f2511cd954e73971e3f2e56d321	7
DELETE_PATCH_IN_MAIN	BFochtman746-patch-2	b664b800e23ed16e97b240bb21821620bf245839	7
DELETE_PATCH_IN_MAIN	book/b02-b-current-authority-closure-001	316f6e533d71cfdef5c45cf04e415c2a67b1bab8	10
DELETE_PATCH_IN_MAIN	control-gateway/execution-worker-001	bb96dd4274768de709c367d65ee7bc9f0c7e9d44	11
DELETE_PATCH_IN_MAIN	governance/knowledge-recovery-highest-priority-001	9f6c504e5e3db5d207e9525f4bf62984f1c41b17	14
DELETE_PATCH_IN_MAIN	governance/learning-forensic-baseline-freeze-2026-09-11	33c550828e1fe28027a962254edba5c796376599	11
DELETE_PATCH_IN_MAIN	governance/repair-routing-topology004-001	5eca5c3d8db52f322c68afc91c1014f31bed9b40	14
DELETE_PATCH_IN_MAIN	learning/handler-binding-i066-i070-refresh-20260915	b5f52c4dbd5b050602c2c6ba542c0abf4177e4bf	9
DELETE_PATCH_IN_MAIN	recovery/control-gateway-genesis-publication-builder-001	98f2b168a8104465ef98f5e51e9fe97cf02a13ff	5
DELETE_PATCH_IN_MAIN	recovery/execution-driver-001	902e992140eee2c350445dbb39e621d93644252e	10
DELETE_PATCH_IN_MAIN	repair/a01-governed-production-bootstrap-001	5ae583e80cff05fc562a509a03d0c0f26e733e08	7
DELETE_PATCH_IN_MAIN	repair/learning-control-record-lineage-restore	fe1532631b8b57e4cca1d1a408160fe6400860b9	11
DELETE_PATCH_IN_MAIN	repair/verify-sh-executable-mode	9d726f3a8083b33a54a19f7fad2fa884b2f698eb	11
DELETE_PATCH_IN_MAIN	system-master/foundation-p15-evidence-refresh-001	a22456b7ec8ddb28ecbffb087f9be4d43aaea2ab	9
KEEP_OPEN_PR	book-system/b04-d1-reader-exposure-v1	29fb53caf120cefd924bc254526af94cfa57d354	10
KEEP_OPEN_PR	book-system/b04-d2-reader-understanding-v1	3f015b84526c04682abe4a9fcf64a0410c6713b8	10
KEEP_OPEN_PR	book-system/b04-d3-reader-currentness-runtime-v1	b4f2c3d1c332c525b0e01c9f4c5398cca3d0346d	9
KEEP_OPEN_PR	book-system/b04-e-128-cumulative-v1	5309d47e5da97aea4ceaa5fa4a966fc614395aa5	9
KEEP_OPEN_PR	book-system/b04-e-qualification-calibration-v1	21248cd0638eccf4f43dfe231e517a5e2b58fd36	9
KEEP_OPEN_PR	book-system/b04-f-control-freeze-v1	8c26de629f4fc983ab18155e06e5d2e383226ef0	9
KEEP_OPEN_PR	book-system/b05-a-literary-craft-recovery-v1	835fb2b45256958bb32ff99fb56b061e6e6b1f7f	9
KEEP_OPEN_PR	book-system/b05-b-literary-craft-analysis-v1	8aa3a47bcff957fd6acdc66e8f798a622b3d5e0a	9
KEEP_OPEN_PR	book-system/b05-c-literary-craft-design-lock-v1	4ee96e573a19ff6ee658dbafd159185b2eeb2d7e	9
KEEP_OPEN_PR	book-system/b05-d1-diagnostic-context-v1	e77b90ea56d196ea91a62ec035646ca1c8941d73	9
KEEP_OPEN_PR	book-system/b05-d2-diagnostic-observation-v1	5ce0d45701a6c962ca215454fd12a258a3cb5e20	9
KEEP_OPEN_PR	book-system/b05-d3-craft-intelligence-opportunity-v1	d0937f7e10a02a5656c4dcdf78fcd20594bbbfc8	9
KEEP_OPEN_PR	book-system/b05-d4-invalidation-currentness-runtime-v1	60af67392598c281391aaf988e3f65b15903994a	9
KEEP_OPEN_PR	book-system/b05-e-152-qualification-v1	30132ba0e6808a6ed17e815e413c4e5d44bd6ad4	9
KEEP_OPEN_PR	control-gateway/native-state-publication-001	4fa0547d296b5f95488434976123a67dcf0be3cf	5
KEEP_OPEN_PR	control/github-control-plane-hardening-20260910	05baeadfcc8e377fbd78dbf7893570aa8d7cd424	14
KEEP_OPEN_PR	controller-v2/foundation-002b-reference-kernel	fce9f2c8cf04e7829f8e80a3427a3bdc73b517c9	13
KEEP_OPEN_PR	controller-v2/foundation-002d-c1-rebind	2ad38d6c431e76748dc21db2b1d23b0851cc1f83	13
KEEP_OPEN_PR	controller-v2/foundation-003-forensic-recovery	f90d573a7efdd4d73622640ea83e465f073353b4	13
KEEP_OPEN_PR	core/smr021-data-owner-review-002	85a94dd01d04490ec5f56243062e80c539ce0b4b	13
KEEP_OPEN_PR	foundation/capability-contract-specification-001	f0fb2d0f757051df0ee5e7dfc35853dd054861b3	5
KEEP_OPEN_PR	foundation/core-runtime-identity-contracts-preflight-001-20260912	c2aaf104f4c4b05d77fd45ca57bffff4d4de0f5f	12
KEEP_OPEN_PR	governance/repair-learning-113-authority-001	07492f20e9c0bde054a00116a09a16e29fb2501f	10
KEEP_OPEN_PR	infrastructure/github-reliability-control-plane-001-20260910	68cae8e3aa98d66125e8f0b422147c03b11f372d	14
KEEP_OPEN_PR	knowledge-recovery/programming-corpus-census-002-20260910	52719f7b75cfa9954c29619c81344346f14141ba	14
KEEP_OPEN_PR	learning/pb002-t2b-i016c-handler-20260914	f55b60dfa23095ae1c01e491522461d311e8c520	10
KEEP_OPEN_PR	learning/production-binding-002-tranche-a	e621b3bd1d4562b6c18b5bb1275de3d5dc73174a	10
KEEP_OPEN_PR	morning/activate-canonical-contracts-20260910	8e006e717afa95193e44bf8ddc1b07192b06587d	14
KEEP_OPEN_PR	programming/controller-build-001m	a231f6f7ea9fe47d7d58f4328cfd67a37c8933ec	13
KEEP_OPEN_PR	programming/controller-build-001n	e503f43883b39d7eeb6e5ecc6d6a7f24076555cf	13
KEEP_OPEN_PR	programming/controller-build-001o	07fd6088524691b9384fc9a5ba112856b1c40a09	13
KEEP_OPEN_PR	programming/pqf-001f-quality-baseline-001	f5a3bb8d58a0860f6849139814d37931340b50f6	9
KEEP_OPEN_PR	qualification/a01-code-qual-001-sealed-stress-baseline	a00e0d85286c263b6ab29f0469eda92586681219	9
KEEP_OPEN_PR	second-shift/execution-ordering-001	4e050f6353f09cf3e7de453518a983c7966f28d0	9
KEEP_OPEN_PR	second-shift/value-scorecard-hardening-20260910-final6	8cf7813311706a54c3f58c89a9f5194e932aa932	15
KEEP_RECENT	a01-engineering/candidate-ingress-001	dc0998d779a8cd91d36252495f17a35e1342a51d	5
KEEP_RECENT	fix/a01-lemonade-api-prefix	00588d213b68b99b1c376cfab97e611bc72d2c5f	3
KEEP_RECENT	gate/document-truth-ratchet-001	19880df1281ccec68f1a949c338ee6409b0e8040	5
KEEP_RECENT	probe/a01-lemonade-topology-001	52341596cd844df933127187d02c35d6a1ea7166	7
KEEP_RECENT	second-shift-production-master-completion-001	95483c45d54567bebce19d0002db4b91b2674f64	3
KEEP_RECENT	system-master/owner-lane-execution-lease-adoption-001	0ce395ae99806589457fea0c1c50231d16f96a81	5
KEEP_SYSTEM_STATE	control-gateway-state/active-work/a01-autonomous-repository-repair-wave1-001	608e4652e37c0257854d2922d5e8b65884fd26a4	2
KEEP_SYSTEM_STATE	control-gateway-state/active-work/a01-board-memory-guard-repair-001	44cfa2d257241cc890f5d46e825b13f5519353e6	5
KEEP_SYSTEM_STATE	control-gateway-state/active-work/a01-candidate-ingress-controller-predecessor-repair-001	205c6b2209be30190762181b5a74db2e8176e6a7	5
KEEP_SYSTEM_STATE	control-gateway-state/active-work/a01-canonical-local-inference-registration-001	ecad8d4c88d0275764064257b1c3fb1fbdbf8c4a	4
KEEP_SYSTEM_STATE	control-gateway-state/active-work/a01-engineering-candidate-ingress-001	a57ec949f6f3bbfd2b9148320af69c697a965b46	5
KEEP_SYSTEM_STATE	control-gateway-state/active-work/a01-engineering-candidate-ingress-001-clean-replay-001	9ef49d03253e86067718753969f71afc0fa0c093	5
KEEP_SYSTEM_STATE	control-gateway-state/active-work/a01-engineering-candidate-ingress-001-closure-reconciliation-001	9a34649e6e4c6e1edc61c94fdb40bd16ce3737cd	5
KEEP_SYSTEM_STATE	control-gateway-state/active-work/a01-engineering-candidate-ingress-001-post-merge-reconciliation-001	173ebe1e28a977eb69186aa6cace07cac90cf572	5
KEEP_SYSTEM_STATE	control-gateway-state/active-work/a01-engineering-candidate-ingress-001-retry-001	d40a9a048bb040a815ebc367b7fc060a0659cada	5
KEEP_SYSTEM_STATE	control-gateway-state/active-work/a01-execution-isolation-001	8bad89fe3c6a8f59f6b72d37ee1780c90e61aacd	0
KEEP_SYSTEM_STATE	control-gateway-state/active-work/a01-local-inference-canonical-registration-001	b7c861c09e8e7ef53db2af21dfbb6e9f3476e944	5
KEEP_SYSTEM_STATE	control-gateway-state/active-work/a01-retry-ticket-ingest-repair-001	4bb35f043f381c015b15bb51dd4f088dfb741a23	5
KEEP_SYSTEM_STATE	control-gateway-state/active-work/a01-runner-memory-profile-repair-001	de930ee7c4e3606108f946be2cb85c180167e9ea	5
KEEP_SYSTEM_STATE	control-gateway-state/active-work/a01-state-publication-response-governance-repair-001	c8941953747c1eca33e2ef33f80a96d0c1f98ae2	5
KEEP_SYSTEM_STATE	control-gateway-state/active-work/book-current-authority-live-head-reconciliation-001	2272f1501458ffdbd33bd975941176e3bc5e3739	2
KEEP_SYSTEM_STATE	control-gateway-state/active-work/core-authority-head-rebind-001	a756b5aabdb441de37ff2d49d4d5c7c0835ba83e	5
KEEP_SYSTEM_STATE	control-gateway-state/active-work/core-current-authority-live-head-reconciliation-001	5ae487f1463a63511fc879ad055a3db244152df0	2
KEEP_SYSTEM_STATE	control-gateway-state/active-work/core-governed-lease-integrity-repair-001	93b1071ffe08bbd6dda1427ae1ddde75e03a5037	2
KEEP_SYSTEM_STATE	control-gateway-state/active-work/core-second-shift-workstream-owner-map-001	9d9109c012cd42943ea7c84abd3269bc15963b60	4
KEEP_SYSTEM_STATE	control-gateway-state/active-work/documents-current-authority-live-head-reconciliation-001	e30ca255ae8deb5aa2d6fb19a71a52e2c5808e18	2
KEEP_SYSTEM_STATE	control-gateway-state/active-work/engineering-fabric-001	bbe0e81f4fab8cbf9db69c26063d1f27e11fb829	0
KEEP_SYSTEM_STATE	control-gateway-state/active-work/foundation-c20-model-dispatch-001	dd3dd4bdfa05e00e2fad7ea5a67d6ba3991a5392	0
KEEP_SYSTEM_STATE	control-gateway-state/active-work/foundation-capability-contract-specification-001-reconcile-001	32142e5740fdff5a5c18874798b3f404099c7b50	5
KEEP_SYSTEM_STATE	control-gateway-state/active-work/foundation-p02-p08-evidence-closure-001	d22ef2493aa35ea389fd326433546d949d147879	2
KEEP_SYSTEM_STATE	control-gateway-state/active-work/foundation-required-verification-truth-repair-001	da70bddacc738dafa1759759a68c0d7f9994919b	2
KEEP_SYSTEM_STATE	control-gateway-state/active-work/github-a01-controller-forensic-reconciliation-001c-r02-freeze	ee10b88f1205c6475765045c646d4c39966bf2a9	12
KEEP_SYSTEM_STATE	control-gateway-state/active-work/learning-system-rebuild-001m-s06	7287086ba382db13039e44e022c89068c85ea003	9
KEEP_SYSTEM_STATE	control-gateway-state/active-work/learning-system-rebuild-001m-s06-runtime	bfd45e072ee7036214ff91025b91bd422fc66d19	9
KEEP_SYSTEM_STATE	control-gateway-state/active-work/learning-system-rebuild-001m-s07	5c31bcffcb21e55d27088208b2ebe8bc7178ac62	9
KEEP_SYSTEM_STATE	control-gateway-state/active-work/learning-system-rebuild-001m-s07-runtime	dc0969d28e9a83ff3a99ebc72d44f6990767e281	9
KEEP_SYSTEM_STATE	control-gateway-state/active-work/learning-system-rebuild-001m-s08	ef38548344679b0040dd2d67c852534638d62215	9
KEEP_SYSTEM_STATE	control-gateway-state/active-work/learning-system-rebuild-001m-s08-qualification	786cffe2c83547a7ab5f4fc09859b08e4ba73648	9
KEEP_SYSTEM_STATE	control-gateway-state/active-work/r01-production-proof	d453bd289583deb537477a4d68e971d9736e5eb4	12
KEEP_SYSTEM_STATE	control-gateway-state/active-work/r02-production-proof	c81a187c8f7ca54bea0ca1f062e9807bb540caf3	12
KEEP_SYSTEM_STATE	control-gateway-state/active-work/repository-normalization-qualification-bootstrap-repair-001	4c9cc98619d1b8a51f41a2172bd0dbb4bd53c696	1
KEEP_SYSTEM_STATE	control-gateway-state/active-work/repository-normalization-qualification-controller-bootstrap-repair-001	96f29423c77795b30c0d2487afdc3f87389acb25	1
KEEP_SYSTEM_STATE	control-gateway-state/active-work/second-shift-control-gateway-dev	0356887ac98b1a0fa992a2b42513f8b855bb1bd7	12
KEEP_SYSTEM_STATE	control-gateway-state/active-work/second-shift-control-gateway-dev-recovery-001	e7b87dd35d9368aa1add03bc8dd8bd05b398eb89	12
KEEP_SYSTEM_STATE	control-gateway-state/active-work/second-shift-dispatch-durability-003	63e39994534f6d67d638a36fe3bce233eba38f52	10
KEEP_SYSTEM_STATE	control-gateway-state/active-work/second-shift-production-master-completion-001	c792d02a65f6ffdebcae175ac8e108ff04132e11	6
KEEP_SYSTEM_STATE	control-gateway-state/active-work/second-shift-production-master-completion-001-r1-recovery	3efe95880669b367e92d7135310be87b320e86e2	6
KEEP_SYSTEM_STATE	control-gateway-state/active-work/second-shift-production-master-completion-001-r1-recovery-v2	a7679bd03051891469d638f3d847af0127b2f002	6
KEEP_SYSTEM_STATE	control-gateway-state/active-work/second-shift-production-master-completion-001-r1-recovery-v3	a7f211e3830efbca96a19afefe8e89f4b4c33b8c	6
KEEP_SYSTEM_STATE	control-gateway-state/active-work/second-shift-production-master-completion-001-recovery-v4	bc7ffa2fa69d691adc27f4a1708eccd630a3837f	2
KEEP_SYSTEM_STATE	control-gateway-state/active-work/second-shift-production-master-completion-001h-main-reconciliation-001	0d8be7a694b4ed5482bed7f33ef89f15769a8b55	1
KEEP_SYSTEM_STATE	control-gateway-state/active-work/state-publication-response-governor-main-001	85922468f9a7bed01c632511561cbdad698c224d	3
KEEP_SYSTEM_STATE	control-gateway-state/active-work/state-publication-response-governor-repair-001	f72dc3cd4239c4d63ada8af3bbe8b8857787b42d	5
KEEP_SYSTEM_STATE	control-gateway-state/active-work/system-master-owner-lane-execution-lease-adoption-001	6d5a938da6211303fc0cbdebb5ecb51a1eb72a0d	4
KEEP_SYSTEM_STATE	control-gateway-state/system-file-leases	35f5afff233de83f07b4f1946b114b5a4a0324ce	1
