system_id,system_name,class,current_claim,architecture,implementation,portable,target_native,production,primary_residual,audit_state
ASSURANCE-001,Unified Build and Release Assurance Control Plane,CONTROL,Historical strong plus active CQ implementation,CLOSED,PARTIAL_IMPLEMENTED,PASS_PARTIAL,PARTIAL,NOT_AUTHORIZED,Whole-system standing ingestion and final policy/coverage/enforcement normalization,CHALLENGE_REQUIRED
SYSTEM-MASTER-BUILD-GOVERNANCE,System Master Build Governance,CONTROL,Active governance authority,CLOSED,PARTIAL_IMPLEMENTED,PARTIAL,NOT_ASSESSED,NOT_AUTHORIZED,Current one-ledger enforcement across all branches/workstreams,CHALLENGE_REQUIRED
SYSTEM-MODEL-001,Master System Model and Route Authority,CONTROL,Portable structural model proven,CLOSED,IMPLEMENTED,PASS,NOT_APPLICABLE_WITH_REASON,NOT_AUTHORIZED,Current registry/DAG/routes/stores are stale across generations,RECONCILIATION_REQUIRED
FOUNDATION-001,Identity Principal Time Correlation Causation,FOUNDATION,Existing protected authority,CLOSED,IMPLEMENTED,PASS,PARTIAL,NOT_AUTHORIZED,Current exact target/freshness normalization,CHALLENGE_REQUIRED
FOUNDATION-002,Data Governance Privacy Purpose Retention,FOUNDATION,Existing protected authority,CLOSED,IMPLEMENTED,PASS_PARTIAL,PARTIAL,NOT_AUTHORIZED,Reconcile with 021M/021N specialist boundaries and current proof,CHALLENGE_REQUIRED
FOUNDATION-003,Durable Jobs Events Idempotency Replay Recovery,FOUNDATION,Strong existing implementation,CLOSED,IMPLEMENTED,PASS,PARTIAL,NOT_AUTHORIZED,Live/target and long-duration stress evidence plus 021H boundary,CHALLENGE_REQUIRED
FOUNDATION-004,Security Delegation Policy Approval,FOUNDATION,Existing protected authority,CLOSED,IMPLEMENTED,PASS_PARTIAL,PARTIAL,NOT_AUTHORIZED,Current exact authorization/security integration proof,CHALLENGE_REQUIRED
FOUNDATION-005,Contract Schema Version Compatibility,FOUNDATION,Existing protected authority,CLOSED,IMPLEMENTED,PASS,PARTIAL,NOT_AUTHORIZED,Current cross-generation contract registry merge,CHALLENGE_REQUIRED
FOUNDATION-006,Evidence Observation Evaluation Audit,FOUNDATION,Strong active implementation,CLOSED,IMPLEMENTED,PASS_PARTIAL,PARTIAL,NOT_AUTHORIZED,Signed/witness trust plus current Assurance integration/live persistence,CHALLENGE_REQUIRED
FOUNDATION-007,Supply Chain SBOM Provenance Attestation Lineage,FOUNDATION,Existing protected authority,CLOSED,IMPLEMENTED,PASS_PARTIAL,PARTIAL,NOT_AUTHORIZED,Current SLSA/provenance and target evidence normalization,CHALLENGE_REQUIRED
DATA-001,Canonical PostgreSQL Blob Recovery Projection,DATA,Existing protected authority,CLOSED,IMPLEMENTED,PASS,PARTIAL,NOT_AUTHORIZED,Live PostgreSQL destructive/concurrency/recovery qualification where required,CHALLENGE_REQUIRED
PLATFORM-001,Executable Platform Kernel and Lifecycle,PLATFORM,Existing implementation,CLOSED,IMPLEMENTED,PASS_PARTIAL,PARTIAL,NOT_AUTHORIZED,Current target/runtime requalification,CHALLENGE_REQUIRED
PLATFORM-002,Durable Persistence and Work Runtime,PLATFORM,Strong existing implementation,CLOSED,IMPLEMENTED,PASS,PARTIAL,NOT_AUTHORIZED,Live persistence/runtime stress and target proof,CHALLENGE_REQUIRED
PLATFORM-003,HTTP WebSocket Session Mobile Continuity Runtime,PLATFORM,Existing implementation,CLOSED,IMPLEMENTED,PASS_PARTIAL,PARTIAL,NOT_AUTHORIZED,Real client/network interruption/continuity target proof,CHALLENGE_REQUIRED
PLATFORM-006,Capability Control Plane Registry Discovery Routing,PLATFORM,Existing implementation,CLOSED,IMPLEMENTED,PASS,PARTIAL,NOT_AUTHORIZED,Current global route registry and runtime activation standing,CHALLENGE_REQUIRED
PLATFORM-008,Governed Artifact and File Gateway,PLATFORM,Strong existing implementation,CLOSED,IMPLEMENTED,PASS,PARTIAL,NOT_AUTHORIZED,Current native/provider/security evidence and global route reconciliation,CHALLENGE_REQUIRED
PLATFORM-009,Governed Model and Inference Gateway,PLATFORM,Existing base implementation,CLOSED,PARTIAL_IMPLEMENTED,PASS_PARTIAL,PARTIAL,NOT_AUTHORIZED,Current LocalAI security/resource/provider profile and empirical inference proof,CHALLENGE_REQUIRED
PLATFORM-010,Governed Action Tool and Side Effect Execution,PLATFORM,Existing implementation,CLOSED,IMPLEMENTED,PASS,PARTIAL,NOT_AUTHORIZED,Current live effect/reconciliation/provider evidence,CHALLENGE_REQUIRED
PLATFORM-011,Network Search Retrieval Connector Fabric,PLATFORM,Historical implementation plus newer provider boundaries,CLOSED,PARTIAL_IMPLEMENTED,PASS_PARTIAL,PARTIAL,NOT_AUTHORIZED,Current provider/connector route and security requalification,CHALLENGE_REQUIRED
PLATFORM-012,Observability Causal Trace System Atlas Notifications,PLATFORM,Historical implementation,CLOSED,PARTIAL_IMPLEMENTED,PASS_PARTIAL,PARTIAL,NOT_AUTHORIZED,Reconcile with 021T and verify actionable complete telemetry,CHALLENGE_REQUIRED
INTEROP-001,External Protocol and Agent Interoperability,PLATFORM,Historical implementation,CLOSED,PARTIAL_IMPLEMENTED,PASS_PARTIAL,PARTIAL,NOT_AUTHORIZED,Current MCP/A2A/protocol/security compatibility evidence,CHALLENGE_REQUIRED
RIGHTS-001,Rights Licensing Permission Attribution Policy,CONTROL,Canonical authority established,CLOSED,PARTIAL_IMPLEMENTED,PARTIAL,PARTIAL,NOT_AUTHORIZED,Current implementation/route/adjudication evidence,CHALLENGE_REQUIRED
KEEL-001,Goal Requirement Constraint Delegation Authority,WORK_CONTROL,Existing portable implementation,CLOSED,IMPLEMENTED,PASS,PARTIAL,NOT_AUTHORIZED,Whole-system integration and target proof,CHALLENGE_REQUIRED
MOD-PROJECTS-001,Projects and Goal Work System,WORK_CONTROL,Research closed plus recovered source,CLOSED,PARTIAL_IMPLEMENTED,PARTIAL,NOT_ASSESSED,NOT_AUTHORIZED,Durable Project repository and long-term Project Memory above shared runtime,IMPLEMENTATION_GAP_CONFIRMED
SYSTEM-ORCHESTRATOR,System Orchestrator,WORK_CONTROL,Strong portable implementation,CLOSED,IMPLEMENTED,PASS,PARTIAL,NOT_AUTHORIZED,Live persistence/target qualification and full current route composition,CHALLENGE_REQUIRED
021F,Change Maintenance Evolution Governance,OPERATIONS,Substantial implementation on current main,CLOSED,IMPLEMENTED,PASS_PARTIAL,PARTIAL,NOT_AUTHORIZED,Normalize exact work-package/target standing,CHALLENGE_REQUIRED
021G,Continuity Recovery and Long-Job Resume,OPERATIONS,Strong implementation and Windows target proof,CLOSED,IMPLEMENTED,PASS,PASS_WITH_RESIDUALS,NOT_AUTHORIZED,iOS client suspend/resume and human evidence remain; successor eligibility must be adjudicated separately,CHALLENGE_REQUIRED
021H,Resource Admission Scheduling Fairness Backpressure,OPERATIONS,Engineer-buildable architecture,CLOSED,NOT_STARTED,NOT_STARTED,NOT_STARTED,NOT_AUTHORIZED,Computer implementation is a likely earliest core gap,IMPLEMENTATION_GAP_CANDIDATE
021I,Distributed Worker Agent Execution Placement Fencing,OPERATIONS,Engineer-buildable architecture,CLOSED,NOT_STARTED,NOT_STARTED,NOT_STARTED,NOT_AUTHORIZED,Computer implementation,IMPLEMENTATION_GAP_CANDIDATE
021J,Durable Command Event Transport,OPERATIONS,Engineer-buildable architecture,CLOSED,NOT_STARTED,NOT_STARTED,NOT_STARTED,NOT_AUTHORIZED,Computer implementation/specialized shared-transport integration,IMPLEMENTATION_GAP_CANDIDATE
021K,Distributed State Consistency Transactions Sagas,OPERATIONS,Architecture/build-spec closed,CLOSED,NOT_STARTED,NOT_STARTED,NOT_STARTED,NOT_AUTHORIZED,Computer implementation,IMPLEMENTATION_GAP_CONFIRMED
021L,Data Custody Backup PITR DR RPO RTO,OPERATIONS,Architecture/build-spec closed,CLOSED,NOT_STARTED,NOT_STARTED,NOT_STARTED,NOT_AUTHORIZED,Computer implementation and destructive restore/DR proof,IMPLEMENTATION_GAP_CONFIRMED
021M,Data Lifecycle Retention Deletion Holds Disposition,OPERATIONS,Architecture/build-spec closed,CLOSED,NOT_STARTED,NOT_STARTED,NOT_STARTED,NOT_AUTHORIZED,Computer implementation and provider/copy reconciliation,IMPLEMENTATION_GAP_CONFIRMED
021N,Privacy Classification Purpose Minimization Residency,OPERATIONS,Architecture/build-spec closed,CLOSED,NOT_STARTED,NOT_STARTED,NOT_STARTED,NOT_AUTHORIZED,Computer implementation and native privacy integration,IMPLEMENTATION_GAP_CONFIRMED
021O,Identity Authentication Authorization Sessions Delegation,OPERATIONS,Architecture/build-spec closed,CLOSED,NOT_STARTED,NOT_STARTED,NOT_STARTED,NOT_AUTHORIZED,Computer implementation and target identity/security proof,IMPLEMENTATION_GAP_CONFIRMED
021P,Cryptographic Trust Secrets Keys Signing Encryption Attestation,OPERATIONS,Architecture/build-spec closed,CLOSED,NOT_STARTED,NOT_STARTED,NOT_STARTED,NOT_AUTHORIZED,Computer implementation and target secure-store/crypto proof,IMPLEMENTATION_GAP_CONFIRMED
021Q,Runtime Trust Zero Trust Segmentation Containment,OPERATIONS,Architecture/build-spec closed,CLOSED,NOT_STARTED,NOT_STARTED,NOT_STARTED,NOT_AUTHORIZED,Computer implementation and adversarial runtime security proof,IMPLEMENTATION_GAP_CANDIDATE
021R,Software Supply Chain Release Integrity Vulnerability Patch Trust,OPERATIONS,Architecture/build-spec closed,CLOSED,NOT_STARTED,NOT_STARTED,NOT_STARTED,NOT_AUTHORIZED,Computer implementation and current supply-chain attestation proof,IMPLEMENTATION_GAP_CANDIDATE
021S,Deployment Promotion Rollout Rollback Convergence,OPERATIONS,Architecture/build-spec closed,CLOSED,PARTIAL_IMPLEMENTED,PARTIAL,NOT_STARTED,NOT_AUTHORIZED,Reconcile historical platform substrate with specialist authority and target deployment proof,CHALLENGE_REQUIRED
021T,Observability SLI SLO Error Budget Alerting,OPERATIONS,Architecture/build-spec closed,CLOSED,PARTIAL_IMPLEMENTED,PARTIAL,NOT_STARTED,NOT_AUTHORIZED,Reconcile PLATFORM-012 substrate and prove coverage/quality,CHALLENGE_REQUIRED
021U,Incident Response Command Escalation Recovery Review,OPERATIONS,Architecture/build-spec closed,CLOSED,NOT_STARTED,NOT_STARTED,NOT_STARTED,NOT_AUTHORIZED,Computer implementation,IMPLEMENTATION_GAP_CANDIDATE
021V,Resilience Fault Domains Failover Degradation Chaos,OPERATIONS,Architecture/build-spec closed,CLOSED,NOT_STARTED,NOT_STARTED,NOT_STARTED,NOT_AUTHORIZED,Computer implementation and fault-injection qualification,IMPLEMENTATION_GAP_CANDIDATE
021W,Performance Capacity Load Stress Soak Scaling,OPERATIONS,Architecture/build-spec closed,CLOSED,NOT_STARTED,NOT_STARTED,NOT_STARTED,NOT_AUTHORIZED,Computer implementation and empirical capacity qualification,IMPLEMENTATION_GAP_CANDIDATE
021X,Usage Cost Metering Budgets Quotas Forecasting,OPERATIONS,Architecture/build-spec closed,CLOSED,NOT_STARTED,NOT_STARTED,NOT_STARTED,NOT_AUTHORIZED,Computer implementation and accounting/resource integration,IMPLEMENTATION_GAP_CANDIDATE
021Y,External Provider Governance Qualification Portability,OPERATIONS,Architecture/build-spec closed,CLOSED,NOT_STARTED,NOT_STARTED,NOT_STARTED,NOT_AUTHORIZED,Computer implementation and live provider evidence,IMPLEMENTATION_GAP_CANDIDATE
021Z,Requirements Controls Assurance Effectiveness Waivers Deficiencies,OPERATIONS,Architecture/build-spec closed,CLOSED,NOT_STARTED,NOT_STARTED,NOT_STARTED,NOT_AUTHORIZED,Computer implementation and boundary reconciliation with ASSURANCE-001,IMPLEMENTATION_GAP_CANDIDATE
021AA,Risk Management Treatment Acceptance Appetite Continuous Review,OPERATIONS,Architecture/build-spec closed,CLOSED,NOT_STARTED,NOT_STARTED,NOT_STARTED,NOT_AUTHORIZED,Computer implementation,IMPLEMENTATION_GAP_CANDIDATE
021AB,AI Model Agent Safety Risk Evals Red Team Oversight Drift,OPERATIONS,Architecture/build-spec closed,CLOSED,NOT_STARTED,NOT_STARTED,NOT_STARTED,NOT_AUTHORIZED,Computer implementation and empirical model/agent safety qualification,IMPLEMENTATION_GAP_CANDIDATE
021AC,Standards Lifecycle Currentness Adoption Supersession,OPERATIONS,Architecture/build-spec closed,CLOSED,NOT_STARTED,NOT_STARTED,NOT_STARTED,NOT_AUTHORIZED,Computer implementation and external standards drift integration,IMPLEMENTATION_GAP_CANDIDATE
CHAT-001A,Chat Conversational Workspace,PRODUCT_SYSTEM,Core implementation exists with larger repair lineage,CLOSED,PARTIAL_IMPLEMENTED,PASS_PARTIAL,PARTIAL,NOT_AUTHORIZED,Current v3 build-spec/implementation/cutover reconciliation,CHALLENGE_REQUIRED
USER-EXPERIENCE-001,User Experience Authority,PRODUCT_SYSTEM,Portable implementation evidence exists,CLOSED,PARTIAL_IMPLEMENTED,PASS_PARTIAL,PARTIAL,NOT_AUTHORIZED,Native iPhone/accessibility/cutover proof,CHALLENGE_REQUIRED
SHARED-DESIGN-SYSTEM-001,Shared Design System,PRODUCT_SYSTEM,Architecture strong and Creative-integrated,CLOSED,PARTIAL_IMPLEMENTED,PARTIAL,PARTIAL,NOT_AUTHORIZED,Implementation migration/cutover and native visual/accessibility proof,CHALLENGE_REQUIRED
CREATIVE-FABRIC,Creative Fabric and bounded creative authorities,INTELLIGENCE,Architecture strong plus partial portable implementation,CLOSED,PARTIAL_IMPLEMENTED,PASS_PARTIAL,PARTIAL,NOT_AUTHORIZED,Remaining implementation waves runtime mode enforcement and production cutover,CHALLENGE_REQUIRED
MOD-LOCALAI-001,Local AI Runtime and Routing,INTELLIGENCE,Research closed with integration substrate,CLOSED,PARTIAL_IMPLEMENTED,PARTIAL,PARTIAL,NOT_AUTHORIZED,Current model/runtime/resource/security profile and empirical qualification,CHALLENGE_REQUIRED
MOD-RESEARCH-001,Research System,DOMAIN,Research closed; current implementation standing fragmented,CLOSED,PARTIAL_IMPLEMENTED,PARTIAL,NOT_ASSESSED,NOT_AUTHORIZED,Current v3 capability/source/evidence reconciliation,CHALLENGE_REQUIRED
MOD-KNOWLEDGE-001,Unified Knowledge System,DOMAIN,Research closed; current implementation standing fragmented,CLOSED,PARTIAL_IMPLEMENTED,PARTIAL,NOT_ASSESSED,NOT_AUTHORIZED,Durable knowledge/provenance/currentness capability challenge,CHALLENGE_REQUIRED
MOD-LEARNING-001,Learning System,DOMAIN,Research closed plus active implementation/qualification work,CLOSED,PARTIAL_IMPLEMENTED,PASS_PARTIAL,PARTIAL,NOT_AUTHORIZED,Ingest latest Learning branch evidence and target qualification,CHALLENGE_REQUIRED
MOD-CURRICULUM-001,Curriculum System,DOMAIN,Research closed plus historical implementation,CLOSED,PARTIAL_IMPLEMENTED,PARTIAL,NOT_ASSESSED,NOT_AUTHORIZED,Current v3 integration and qualification,CHALLENGE_REQUIRED
BOOK-OS,Book Writing OS and specialist book authorities,DOMAIN,Large active architecture/implementation workstream,CLOSED,PARTIAL_IMPLEMENTED,PASS_PARTIAL,PARTIAL,NOT_AUTHORIZED,Higher ledger/evaluator/literary integration and current master standing ingestion,CHALLENGE_REQUIRED
MOD-AUTOMATION-001,Automation System,DOMAIN,Recovered capability with authority collision risk,CLOSED,PARTIAL_IMPLEMENTED,PARTIAL,NOT_ASSESSED,NOT_AUTHORIZED,Must compose through Orchestrator/FOUNDATION-003/PLATFORM-002 and prove no second scheduler,CHALLENGE_REQUIRED
MOD-CALENDAR-001,Calendar and Scheduling Domain,DOMAIN,Research closed,CLOSED,PARTIAL_IMPLEMENTED,PARTIAL,NOT_ASSESSED,NOT_AUTHORIZED,Durable integration/provider/permissions qualification,CHALLENGE_REQUIRED
MOD-COMMS-001,Communications Domain,DOMAIN,Research closed with PLATFORM-011 overlap,CLOSED,PARTIAL_IMPLEMENTED,PARTIAL,NOT_ASSESSED,NOT_AUTHORIZED,Current external communication authority composition,CHALLENGE_REQUIRED
MOD-PLUGINS-001,Plugins Connector Domain,DOMAIN,Research closed with Platform overlap,CLOSED,PARTIAL_IMPLEMENTED,PARTIAL,NOT_ASSESSED,NOT_AUTHORIZED,Compose PLATFORM-006/010/011 and prove permission/effect boundaries,CHALLENGE_REQUIRED
MOD-PORTFOLIO-001,Living Portfolio,DOMAIN,Research closed,CLOSED,PARTIAL_IMPLEMENTED,PARTIAL,NOT_ASSESSED,NOT_AUTHORIZED,Durable domain repository/integration and qualification,CHALLENGE_REQUIRED
MOD-LEDGER-001,Financial/Value Ledger,DOMAIN,Research closed with DATA/finance ownership reconciliation,CLOSED,PARTIAL_IMPLEMENTED,PARTIAL,NOT_ASSESSED,NOT_AUTHORIZED,Canonical finance/accounting boundaries durability and correctness proof,CHALLENGE_REQUIRED
MOD-AIINCOME-001,AI Income System,DOMAIN,Research closed,CLOSED,PARTIAL_IMPLEMENTED,PARTIAL,NOT_ASSESSED,NOT_AUTHORIZED,Durable workflow/portfolio/ledger/automation integration and qualification,CHALLENGE_REQUIRED
