# path	newest_branch	holder_count
qualification/learning/ownership/LRN-OWNERSHIP-FREEZE-001B-R3B-S02-R6A-EXACT-IMPLEMENTATION-GAP-CENSUS.md	learning/system-rebuild-001m-s05-assessment-model-governance-20260912	21
qualification/learning/ownership/LRN-OWNERSHIP-FREEZE-001B-R3B-S03-LESSON-PRACTICE-OBSERVATION-DESIGN-LOCK.md	learning/system-rebuild-001m-s05-assessment-model-governance-20260912	21
qualification/learning/ownership/LRN-OWNERSHIP-FREEZE-001B-R3B-S03-R1-CLOSURE.md	learning/system-rebuild-001m-s05-assessment-model-governance-20260912	21
qualification/learning/ownership/LRN-OWNERSHIP-FREEZE-001B-R3B-S03-R1-INTERFACE-MATERIALIZATION.json	learning/system-rebuild-001m-s05-assessment-model-governance-20260912	21
qualification/learning/ownership/LRN-OWNERSHIP-FREEZE-001B-R3B-S04-ASSESSMENT-ATTEMPT-DESIGN-LOCK.md	learning/system-rebuild-001m-s05-assessment-model-governance-20260912	21
qualification/learning/ownership/LRN-OWNERSHIP-FREEZE-001B-R3B-S04-R1-ASSESSMENT-INTERFACE-CENSUS.json	learning/system-rebuild-001m-s05-assessment-model-governance-20260912	21
qualification/learning/ownership/LRN-OWNERSHIP-FREEZE-001B-R3B-S04-R2-PRIMARY-INTERFACE-BINDING.json	learning/system-rebuild-001m-s05-assessment-model-governance-20260912	21
qualification/learning/ownership/LRN-OWNERSHIP-FREEZE-001B-R3B-S04-R3-SCORE-INGRESS-ADJUDICATION.md	learning/system-rebuild-001m-s05-assessment-model-governance-20260912	21
qualification/learning/ownership/LRN-OWNERSHIP-FREEZE-001B-R3B-S05-EVIDENCE-MASTERY-DESIGN-LOCK.md	learning/system-rebuild-001m-s05-assessment-model-governance-20260912	21
qualification/learning/ownership/LRN-OWNERSHIP-FREEZE-001B-R3B-S05-R1-EVIDENCE-MASTERY-INTERFACE-BINDING.json	learning/system-rebuild-001m-s05-assessment-model-governance-20260912	21
qualification/learning/ownership/LRN-OWNERSHIP-FREEZE-001B-R3B-S06-ADAPTATION-REMEDIATION-MAINTENANCE-DESIGN-LOCK.md	learning/system-rebuild-001m-s05-assessment-model-governance-20260912	21
qualification/learning/ownership/LRN-OWNERSHIP-FREEZE-001B-R3B-S06-R1-ADAPTATION-INTERFACE-BINDING.json	learning/system-rebuild-001m-s05-assessment-model-governance-20260912	21
qualification/learning/ownership/LRN-OWNERSHIP-FREEZE-001B-R3B-S07-R1-SELF-CONFIDENCE-INTERFACE-BINDING.json	learning/system-rebuild-001m-s05-assessment-model-governance-20260912	21
qualification/learning/ownership/LRN-OWNERSHIP-FREEZE-001B-R3B-S07-SELF-CONFIDENCE-DESIGN-LOCK.md	learning/system-rebuild-001m-s05-assessment-model-governance-20260912	21
qualification/learning/ownership/LRN-OWNERSHIP-FREEZE-001B-R3B-S08-QUALIFICATION-EVIDENCE-DESIGN-LOCK.md	learning/system-rebuild-001m-s05-assessment-model-governance-20260912	21
qualification/learning/ownership/LRN-OWNERSHIP-FREEZE-001B-R3B-S08-R1-QUALIFICATION-INTERFACE-BINDING.json	learning/system-rebuild-001m-s05-assessment-model-governance-20260912	21
qualification/learning/rebuild/LEARNING-SYSTEM-REBUILD-001B-FOUNDATION-RESEARCH-BENCHMARK-RATIONALIZATION.md	learning/system-rebuild-001m-s05-assessment-model-governance-20260912	20
qualification/learning/rebuild/LEARNING-SYSTEM-REBUILD-001B-RESPONSIBILITY-DISPOSITION.json	learning/system-rebuild-001m-s05-assessment-model-governance-20260912	20
qualification/learning/rebuild/LEARNING-SYSTEM-REBUILD-001C-CAPABILITY-MAP.md	learning/system-rebuild-001m-s05-assessment-model-governance-20260912	20
qualification/learning/rebuild/LEARNING-SYSTEM-REBUILD-001D-LEARNER-MODEL-FOUNDATION.md	learning/system-rebuild-001m-s05-assessment-model-governance-20260912	20
qualification/learning/rebuild/LEARNING-SYSTEM-REBUILD-001E-50CASE-PREBUILD-ACCEPTANCE-CONTRACT.json	learning/system-rebuild-001m-s05-assessment-model-governance-20260912	19
qualification/learning/rebuild/LEARNING-SYSTEM-REBUILD-001E-SELF-REGULATED-LEARNING-METACOGNITION-FOUNDATION.md	learning/system-rebuild-001m-s05-assessment-model-governance-20260912	19
qualification/learning/rebuild/LEARNING-SYSTEM-REBUILD-001F-60CASE-PREBUILD-ACCEPTANCE-CONTRACT.json	learning/system-rebuild-001m-s05-assessment-model-governance-20260912	18
qualification/learning/rebuild/LEARNING-SYSTEM-REBUILD-001F-AI-TUTORING-INSTRUCTIONAL-POLICY-FOUNDATION.md	learning/system-rebuild-001m-s05-assessment-model-governance-20260912	18
qualification/learning/rebuild/LEARNING-SYSTEM-REBUILD-001G-72CASE-PREBUILD-ACCEPTANCE-CONTRACT.json	learning/system-rebuild-001m-s05-assessment-model-governance-20260912	17
qualification/learning/rebuild/LEARNING-SYSTEM-REBUILD-001G-EVIDENCE-MASTERY-UNCERTAINTY-RETENTION-TRANSFER-INDEPENDENCE-FOUNDATION.md	learning/system-rebuild-001m-s05-assessment-model-governance-20260912	17
qualification/learning/rebuild/LEARNING-SYSTEM-REBUILD-001H-72CASE-PREBUILD-ACCEPTANCE-CONTRACT.json	learning/system-rebuild-001m-s05-assessment-model-governance-20260912	16
qualification/learning/rebuild/LEARNING-SYSTEM-REBUILD-001H-ADAPTIVE-NEXT-ACTION-POLICY-FOUNDATION.md	learning/system-rebuild-001m-s05-assessment-model-governance-20260912	16
qualification/learning/rebuild/LEARNING-SYSTEM-REBUILD-001I-84CASE-PREBUILD-ACCEPTANCE-CONTRACT.json	learning/system-rebuild-001m-s05-assessment-model-governance-20260912	15
qualification/learning/rebuild/LEARNING-SYSTEM-REBUILD-001I-ASSESSMENT-MODEL-GOVERNANCE-HARDENING-FOUNDATION.md	learning/system-rebuild-001m-s05-assessment-model-governance-20260912	15
qualification/learning/rebuild/LEARNING-SYSTEM-REBUILD-001J-96CASE-PREBUILD-ACCEPTANCE-CONTRACT.json	learning/system-rebuild-001m-s05-assessment-model-governance-20260912	14
qualification/learning/rebuild/LEARNING-SYSTEM-REBUILD-001J-LEARNING-EFFECTIVENESS-EVALUATION-FOUNDATION.md	learning/system-rebuild-001m-s05-assessment-model-governance-20260912	14
qualification/learning/rebuild/LEARNING-SYSTEM-REBUILD-001K-96CASE-PREBUILD-ACCEPTANCE-CONTRACT.json	learning/system-rebuild-001m-s05-assessment-model-governance-20260912	13
qualification/learning/rebuild/LEARNING-SYSTEM-REBUILD-001K-STANDARDS-INTEROPERABILITY-ADAPTERS-FOUNDATION.md	learning/system-rebuild-001m-s05-assessment-model-governance-20260912	13
qualification/learning/rebuild/LEARNING-SYSTEM-REBUILD-001L-64CASE-PREBUILD-RECONCILIATION-CONTRACT.json	learning/system-rebuild-001m-s05-assessment-model-governance-20260912	12
qualification/learning/rebuild/LEARNING-SYSTEM-REBUILD-001L-CONSTITUTIONAL-DELTA.json	learning/system-rebuild-001m-s05-assessment-model-governance-20260912	12
qualification/learning/rebuild/LEARNING-SYSTEM-REBUILD-001L-CONSTITUTIONAL-RECONCILIATION-MINIMUM-DELTA.md	learning/system-rebuild-001m-s05-assessment-model-governance-20260912	12
qualification/learning/rebuild/LEARNING-SYSTEM-REBUILD-001M-S01-36CASE-QUALIFICATION-CONTRACT.json	learning/system-rebuild-001m-s05-assessment-model-governance-20260912	11
qualification/learning/rebuild/LEARNING-SYSTEM-REBUILD-001M-S01-ACTIVE-CONSTITUTION.json	learning/system-rebuild-001m-s05-assessment-model-governance-20260912	11
qualification/learning/rebuild/LEARNING-SYSTEM-REBUILD-001M-S01-CLOSURE.md	learning/system-rebuild-001m-s05-assessment-model-governance-20260912	11
qualification/learning/rebuild/LEARNING-SYSTEM-REBUILD-001M-S02-48CASE-QUALIFICATION-CONTRACT.json	learning/system-rebuild-001m-s05-assessment-model-governance-20260912	10
qualification/learning/rebuild/LEARNING-SYSTEM-REBUILD-001M-S02-56CASE-QUALIFICATION-CONTRACT.json	learning/system-rebuild-001m-s05-assessment-model-governance-20260912	10
qualification/learning/rebuild/LEARNING-SYSTEM-REBUILD-001M-S02-CLOSURE.md	learning/system-rebuild-001m-s05-assessment-model-governance-20260912	10
qualification/learning/rebuild/LEARNING-SYSTEM-REBUILD-001M-S03-64CASE-QUALIFICATION-CONTRACT.json	learning/system-rebuild-001m-s05-assessment-model-governance-20260912	5
qualification/learning/rebuild/LEARNING-SYSTEM-REBUILD-001M-S03-CLOSURE.md	learning/system-rebuild-001m-s05-assessment-model-governance-20260912	5
qualification/learning/rebuild/LEARNING-SYSTEM-REBUILD-001M-S04-72CASE-QUALIFICATION-CONTRACT.json	learning/system-rebuild-001m-s05-assessment-model-governance-20260912	4
qualification/learning/rebuild/LEARNING-SYSTEM-REBUILD-001M-S04-CLOSURE.md	learning/system-rebuild-001m-s05-assessment-model-governance-20260912	4
qualification/learning/rebuild/LEARNING-SYSTEM-REBUILD-001M-S05-84CASE-QUALIFICATION-CONTRACT.json	learning/system-rebuild-001m-s05-assessment-model-governance-20260912	2
qualification/learning/rebuild/LEARNING-SYSTEM-REBUILD-001M-S05-CLOSURE.md	learning/system-rebuild-001m-s05-assessment-model-governance-20260912	2
qualification/learning/second-shift/2026-09-12/LRN_CUR_PRODUCTION_BINDING_002_T1_CLOSURE.md	learning/second-shift-20260912-production-binding-002	1
qualification/learning/second-shift/2026-09-12/LRN_CUR_PRODUCTION_BINDING_002_T1_DELTA.zip	learning/second-shift-20260912-production-binding-002	1
qualification/learning/second-shift/2026-09-12/LRN_CUR_PRODUCTION_BINDING_002_T1_QUALIFICATION.json	learning/second-shift-20260912-production-binding-002	1
qualification/learning/second-shift/2026-09-12/LRN_CUR_PRODUCTION_BINDING_002_T2A_DELTA.zip	learning/second-shift-20260912-production-binding-002	1
qualification/learning/second-shift/2026-09-12/LRN_CUR_PRODUCTION_BINDING_002_T2A_DESIGN_LOCK.md	learning/second-shift-20260912-production-binding-002	1
qualification/learning/second-shift/2026-09-12/LRN_CUR_PRODUCTION_BINDING_002_T2A_QUALIFICATION.json	learning/second-shift-20260912-production-binding-002	1
qualification/literary-prose-engine-001/BOOK-SYSTEM-PROSE-HIERARCHY-REPAIR-RECEIPT-001.json	literary-prose-engine-001	3
qualification/literary-prose-engine-001/LITERARY-PROSE-CONSOLIDATED-WORKSTREAM-STATE-001.json	literary-prose-engine-001	3
qualification/literary-prose-engine-001/LITERARY-PROSE-CONSOLIDATED-WORKSTREAM-STATE-002.json	literary-prose-engine-001	3
qualification/literary-prose-engine-001/LITERARY-PROSE-CONSOLIDATED-WORKSTREAM-STATE-003.json	literary-prose-engine-001	3
qualification/literary-prose-engine-001/LITERARY-PROSE-CONSOLIDATED-WORKSTREAM-STATE-004.json	literary-prose-engine-001	3
qualification/literary-prose-engine-001/LITERARY-PROSE-CONSOLIDATED-WORKSTREAM-STATE-005.json	literary-prose-engine-001	3
qualification/literary-prose-engine-001/LITERARY-PROSE-CONSOLIDATED-WORKSTREAM-STATE-006.json	literary-prose-engine-001	3
qualification/literary-prose-engine-001/LITERARY-PROSE-CONSOLIDATED-WORKSTREAM-STATE-007.json	literary-prose-engine-001	3
qualification/literary-prose-engine-001/LITERARY-PROSE-CONSOLIDATED-WORKSTREAM-STATE-008.json	literary-prose-engine-001	3
qualification/literary-prose-engine-001/LITERARY-PROSE-CONSOLIDATED-WORKSTREAM-STATE-009.json	literary-prose-engine-001	3
qualification/literary-prose-engine-001/LITERARY-PROSE-CONSOLIDATED-WORKSTREAM-STATE-010.json	literary-prose-engine-001	3
qualification/literary-prose-engine-001/LITERARY-PROSE-CONSOLIDATED-WORKSTREAM-STATE-011.json	literary-prose-engine-001	3
qualification/literary-prose-engine-001/LITERARY-PROSE-CONSOLIDATED-WORKSTREAM-STATE-012.json	literary-prose-engine-001	3
qualification/literary-prose-engine-001/LITERARY-PROSE-CONSOLIDATED-WORKSTREAM-STATE-013.json	literary-prose-engine-001	3
qualification/literary-prose-engine-001/LITERARY-PROSE-CONSOLIDATED-WORKSTREAM-STATE-014.json	literary-prose-engine-001	3
qualification/literary-prose-engine-001/LITERARY-PROSE-CONSOLIDATED-WORKSTREAM-STATE-015.json	literary-prose-engine-001	2
qualification/literary-prose-engine-001/LITERARY-PROSE-CONSOLIDATED-WORKSTREAM-STATE-016.json	literary-prose-engine-001	2
qualification/literary-prose-engine-001/LITERARY-PROSE-CONSOLIDATED-WORKSTREAM-STATE-017.json	literary-prose-engine-001	1
qualification/literary-prose-engine-001/PROSE-EVALUATOR-RESEARCH-DELTA-001.json	literary-prose-engine-001	2
qualification/literary-prose-engine-001/PROSE-EVALUATOR-TOMORROW-READINESS-001.json	literary-prose-engine-001	2
qualification/literary-prose-engine-001/PROSE-EVALUATOR-TOMORROW-READINESS-002.json	literary-prose-engine-001	2
qualification/literary-prose-engine-001/PROSE-FOUNDATION-CLOSURE-CENSUS-CHECKPOINT-001.json	prose/foundation-closure-final-refill-20260910	1
qualification/literary-prose-engine-001/PROSE-PROJECT-PARENT-BINDING-001.json	literary-prose-engine-001	3
qualification/literary-prose-engine-001/PROSE-SYSTEM-PARENT-BINDING-002.json	literary-prose-engine-001	3
qualification/literary-prose-engine-001/PROSE-SYSTEM-PRODUCT-PARENT-BINDING-003.json	literary-prose-engine-001	3
qualification/literary-prose-engine-001/blind-prediction-seal-validator-001/PROSE-BLIND-PREDICTION-SEAL-INTEGRITY-CONTRACT-v1.json	literary-prose-engine-001	3
qualification/literary-prose-engine-001/blind-prediction-seal-validator-001/PROSE-BLIND-PREDICTION-SEAL-VALIDATOR-001-CLOSURE.json	literary-prose-engine-001	2
qualification/literary-prose-engine-001/blind-prediction-seal-validator-001/run_blind_prediction_seal_validator_fixtures.py	literary-prose-engine-001	3
qualification/literary-prose-engine-001/blind-prediction-seal-validator-001/validate_blind_prediction_seal.py	literary-prose-engine-001	3
qualification/literary-prose-engine-001/book-level-author-review/AGLO-BOOK-LEVEL-AUTHOR-ADJUDICATION-001.json	literary-prose-engine-001	3
qualification/literary-prose-engine-001/book-level-author-review/AGLO-BOOK-LEVEL-AUTHOR-DECISION-QUEUE-001.json	literary-prose-engine-001	3
qualification/literary-prose-engine-001/book-level-author-review/AGLO-BOOK-LEVEL-AUTHOR-REVIEW-001.json	literary-prose-engine-001	3
qualification/literary-prose-engine-001/book-level-author-review/AGLO-BOOK-LEVEL-REVISION-PACKAGE-CLOSURE-001.json	literary-prose-engine-001	3
qualification/literary-prose-engine-001/book-level-author-review/AGLO-C29-END-TRIM-BINDING-CORRECTION-001.json	literary-prose-engine-001	3
qualification/literary-prose-engine-001/book-level-author-review/aglo_book_level_author_review.py	literary-prose-engine-001	3
qualification/literary-prose-engine-001/book-level-intelligence/AGLO-BOOK-LEVEL-AUTHOR-REVIEW-QUEUE-001.json	literary-prose-engine-001	3
qualification/literary-prose-engine-001/book-level-intelligence/AGLO-BOOK-LEVEL-LITERARY-INTELLIGENCE-001.json	literary-prose-engine-001	3
qualification/literary-prose-engine-001/book-level-intelligence/AGLO-BOOK-LEVEL-MODEL-MANIFEST-001.json	literary-prose-engine-001	3
qualification/literary-prose-engine-001/book-level-intelligence/aglo_book_level_literary_intelligence.py	literary-prose-engine-001	3
qualification/literary-prose-engine-001/diagnostic-evidence-provider-001/PROSE-DIAGNOSTIC-EVIDENCE-PROVIDER-001-QUALIFICATION-RECEIPT.json	literary-prose-engine-001	3
qualification/literary-prose-engine-001/diagnostic-evidence-provider-001/PROSE-DIAGNOSTIC-EVIDENCE-PROVIDER-CONTRACT-v1.json	literary-prose-engine-001	3
qualification/literary-prose-engine-001/diagnostic-evidence-provider-001/test_text_observation_provider.py	literary-prose-engine-001	3
qualification/literary-prose-engine-001/diagnostic-evidence-provider-001/text_observation_provider.py	literary-prose-engine-001	3
qualification/literary-prose-engine-001/diagnostic-evidence-provider-002/PROSE-REAL-SEMANTIC-DIAGNOSTIC-ROUTING-001-QUALIFICATION-RECEIPT.json	literary-prose-engine-001	3
qualification/literary-prose-engine-001/diagnostic-evidence-provider-002/PROSE-SEMANTIC-DIAGNOSTIC-EVIDENCE-PROVIDER-002-QUALIFICATION-RECEIPT.json	literary-prose-engine-001	3
qualification/literary-prose-engine-001/diagnostic-evidence-provider-002/PROSE-SEMANTIC-DIAGNOSTIC-EVIDENCE-PROVIDER-CONTRACT-v1.json	literary-prose-engine-001	3
qualification/literary-prose-engine-001/diagnostic-evidence-provider-002/PROSE-SEMANTIC-TO-DIAGNOSTIC-BRIDGE-001-QUALIFICATION-RECEIPT.json	literary-prose-engine-001	3
qualification/literary-prose-engine-001/diagnostic-evidence-provider-002/fixtures/REAL-SEMANTIC-ROUTING-FIXTURES-v1.json	literary-prose-engine-001	3
qualification/literary-prose-engine-001/diagnostic-evidence-provider-002/run_real_semantic_routing_fixtures.py	literary-prose-engine-001	3
qualification/literary-prose-engine-001/diagnostic-evidence-provider-002/semantic_evidence_validator.py	literary-prose-engine-001	3
qualification/literary-prose-engine-001/diagnostic-evidence-provider-002/semantic_to_diagnostic_adapter.py	literary-prose-engine-001	3
qualification/literary-prose-engine-001/diagnostic-evidence-provider-002/test_semantic_evidence_validator.py	literary-prose-engine-001	3
qualification/literary-prose-engine-001/diagnostic-evidence-provider-002/test_semantic_to_diagnostic_adapter.py	literary-prose-engine-001	3
qualification/literary-prose-engine-001/editorial-review-packet-001/EDITORIAL-REVIEW-PACKET-CONTRACT-v1.json	literary-prose-engine-001	3
qualification/literary-prose-engine-001/editorial-review-packet-001/EDITORIAL-REVIEW-PACKET.schema.json	literary-prose-engine-001	3
qualification/literary-prose-engine-001/editorial-review-packet-001/fixtures/EDITORIAL-REVIEW-PACKET-FIXTURES-v1.json	literary-prose-engine-001	3
qualification/literary-prose-engine-001/editorial-review-packet-001/validate_editorial_review_packet.py	literary-prose-engine-001	3
qualification/literary-prose-engine-001/evaluator-robustness-002/EVALUATOR-ROBUSTNESS-CLOSURE.md	literary-prose-engine-001	3
qualification/literary-prose-engine-001/evaluator-robustness-002/EVALUATOR-ROBUSTNESS-CONTRACT-v1.json	literary-prose-engine-001	3
qualification/literary-prose-engine-001/evaluator-robustness-002/EVALUATOR-ROBUSTNESS-QUALIFICATION-EVIDENCE-v1.json	literary-prose-engine-001	3
qualification/literary-prose-engine-001/evaluator-robustness-002/evaluator_robustness.py	literary-prose-engine-001	3
qualification/literary-prose-engine-001/evaluator-robustness-002/run_evaluator_robustness_fixtures.py	literary-prose-engine-001	3
qualification/literary-prose-engine-001/extraction-calibration-001/CANDIDATE-001-QUALIFICATION-RECEIPT.json	literary-prose-engine-001	3
qualification/literary-prose-engine-001/extraction-calibration-001/EXTRACTION-CALIBRATION-CONTRACT-v1.json	literary-prose-engine-001	3
qualification/literary-prose-engine-001/extraction-calibration-001/EXTRACTOR-PROVIDER-CONTRACT-v1.json	literary-prose-engine-001	3
qualification/literary-prose-engine-001/extraction-calibration-001/GOLD-CASE-SCHEMA-v1.json	literary-prose-engine-001	3
qualification/literary-prose-engine-001/extraction-calibration-001/PREDICTION-SCHEMA-v1.json	literary-prose-engine-001	3
qualification/literary-prose-engine-001/extraction-calibration-001/PROVIDER-BENCHMARK-LABEL-CONTRACT-v1.json	literary-prose-engine-001	3
qualification/literary-prose-engine-001/extraction-calibration-001/RECEIPT-SCHEMA-v1.json	literary-prose-engine-001	3
qualification/literary-prose-engine-001/extraction-calibration-001/SOURCE-HELDOUT-SPLIT-MANIFEST-v1.json	literary-prose-engine-001	3
qualification/literary-prose-engine-001/extraction-calibration-001/candidate-002/CANDIDATE-002-CONTRACT-v1.json	literary-prose-engine-001	3
qualification/literary-prose-engine-001/extraction-calibration-001/candidate-002/CANDIDATE-002-PROVIDER-BOUNDARY-RECEIPT-v1.json	literary-prose-engine-001	3
qualification/literary-prose-engine-001/extraction-calibration-001/candidate-002/HUMAN-ADJUDICATION-PACKET-CONTRACT-v1.json	literary-prose-engine-001	3
qualification/literary-prose-engine-001/extraction-calibration-001/candidate-002/PUBLIC-DOMAIN-PASSAGE-SELECTION-v1.json	literary-prose-engine-001	3
qualification/literary-prose-engine-001/extraction-calibration-001/candidate-002/PUBLIC-DOMAIN-SOURCE-HELDOUT-MANIFEST-v1.json	literary-prose-engine-001	3
qualification/literary-prose-engine-001/extraction-calibration-001/candidate-002/SOURCE-HELDOUT-002-LABEL-ONTOLOGY-HOSTED-RECEIPT-v1.json	literary-prose-engine-001	3
qualification/literary-prose-engine-001/extraction-calibration-001/candidate-002/SOURCE-HELDOUT-002-LABEL-ONTOLOGY-v1.json	literary-prose-engine-001	3
qualification/literary-prose-engine-001/extraction-calibration-001/candidate-002/SOURCE-HELDOUT-002-PREDICTION-FREEZE-PARALLEL-BOUNDARY-v1.json	literary-prose-engine-001	3
qualification/literary-prose-engine-001/extraction-calibration-001/candidate-002/SOURCE-HELDOUT-002-PREHUMAN-CUSTODY-GATE-v1.json	literary-prose-engine-001	3
qualification/literary-prose-engine-001/extraction-calibration-001/candidate-002/SOURCE-HELDOUT-002A-HOSTED-CLOSURE-v1.json	literary-prose-engine-001	3
qualification/literary-prose-engine-001/extraction-calibration-001/candidate-002/SOURCE-HELDOUT-002A-HOSTED-QUALIFICATION-RECEIPT-v1.json	literary-prose-engine-001	3
qualification/literary-prose-engine-001/extraction-calibration-001/candidate-002/SOURCE-HELDOUT-002B-HUMAN-ADJUDICATION-EXECUTION-PROTOCOL-v1.json	literary-prose-engine-001	3
qualification/literary-prose-engine-001/extraction-calibration-001/candidate-002/SOURCE-HELDOUT-002B-HUMAN-ADJUDICATION-HANDOFF-v1.json	literary-prose-engine-001	3
qualification/literary-prose-engine-001/extraction-calibration-001/candidate-002/SOURCE-HELDOUT-002B-HUMAN-DISPATCH-HOSTED-RECEIPT-v1.json	literary-prose-engine-001	3
qualification/literary-prose-engine-001/extraction-calibration-001/candidate-002/model_backed_provider.py	literary-prose-engine-001	3
qualification/literary-prose-engine-001/extraction-calibration-001/candidate-002/prepare_human_adjudication_dispatch.py	literary-prose-engine-001	3
qualification/literary-prose-engine-001/extraction-calibration-001/candidate-002/prepare_prehuman_custody.py	literary-prose-engine-001	3
qualification/literary-prose-engine-001/extraction-calibration-001/candidate-002/run_candidate_002_provider_fixtures.py	literary-prose-engine-001	3
qualification/literary-prose-engine-001/extraction-calibration-001/candidate-002/run_source_heldout_human_adjudication_validator_fixtures.py	literary-prose-engine-001	3
qualification/literary-prose-engine-001/extraction-calibration-001/candidate-002/source_heldout_label_ontology.py	literary-prose-engine-001	3
qualification/literary-prose-engine-001/extraction-calibration-001/candidate-002/validate_source_heldout_human_adjudication.py	literary-prose-engine-001	3
qualification/literary-prose-engine-001/extraction-calibration-001/cautious_semantic_extractor.py	literary-prose-engine-001	3
qualification/literary-prose-engine-001/extraction-calibration-001/extractor_provider.py	literary-prose-engine-001	3
qualification/literary-prose-engine-001/extraction-calibration-001/fixtures/SYNTHETIC-SOURCE-HELDOUT-GOLD-v1.json	literary-prose-engine-001	3
qualification/literary-prose-engine-001/extraction-calibration-001/fixtures/SYNTHETIC-STRESS-GOLD-v1.json	literary-prose-engine-001	3
qualification/literary-prose-engine-001/extraction-calibration-001/narrative_extraction_calibration.py	literary-prose-engine-001	3
qualification/literary-prose-engine-001/extraction-calibration-001/run_candidate_source_heldout.py	literary-prose-engine-001	3
qualification/literary-prose-engine-001/extraction-calibration-001/run_extraction_calibration_fixtures.py	literary-prose-engine-001	3
qualification/literary-prose-engine-001/extraction-calibration-001/run_no_model_baseline.py	literary-prose-engine-001	3
qualification/literary-prose-engine-001/foundation-closure-002/PROSE-FOUNDATION-ROUTE-CONTRACT-CLOSURE-002-RECEIPT.json	prose/foundation-closure-final-refill-20260910	1
qualification/literary-prose-engine-001/foundation-closure-002/PROSE-FOUNDATION-ROUTE-CONTRACT-CLOSURE-002.json	prose/foundation-closure-final-refill-20260910	1
qualification/literary-prose-engine-001/foundation-closure-002/run_prose_foundation_route_contract_fixtures.py	prose/foundation-closure-final-refill-20260910	1
qualification/literary-prose-engine-001/foundation-closure-003/PROSE-FOUNDATION-FAILURE-SEMANTICS-AND-FIXTURE-PACKET-003-RECEIPT.json	prose/foundation-closure-final-refill-20260910	1
qualification/literary-prose-engine-001/foundation-closure-003/PROSE-FOUNDATION-FAILURE-SEMANTICS-AND-FIXTURE-PACKET-003.json	prose/foundation-closure-final-refill-20260910	1
qualification/literary-prose-engine-001/foundation-closure-003/run_prose_foundation_failure_semantics_fixtures.py	prose/foundation-closure-final-refill-20260910	1
qualification/literary-prose-engine-001/foundation-closure-004/PROSE-FOUNDATION-OWNER-LANE-CLOSURE-004-RECEIPT.json	prose/foundation-closure-final-refill-20260910	1
qualification/literary-prose-engine-001/foundation-closure-004/PROSE-FOUNDATION-OWNER-LANE-CLOSURE-004.json	prose/foundation-closure-final-refill-20260910	1
qualification/literary-prose-engine-001/foundation-closure-004/run_prose_foundation_owner_lane_closure.py	prose/foundation-closure-final-refill-20260910	1
qualification/literary-prose-engine-001/long-form-evidence-linkage-001/LONG-FORM-EVIDENCE-LINKAGE-CONTRACT-v1.json	literary-prose-engine-001	2
qualification/literary-prose-engine-001/long-form-evidence-linkage-001/long_form_evidence_linkage.py	literary-prose-engine-001	2
qualification/literary-prose-engine-001/long-form-evidence-linkage-001/run_long_form_evidence_linkage_fixtures.py	literary-prose-engine-001	2
qualification/literary-prose-engine-001/manuscript-portfolio/PROSE-MANUSCRIPT-PORTFOLIO-CUSTODY-001.json	literary-prose-engine-001	3
qualification/literary-prose-engine-001/manuscript-portfolio/PROSE-MULTI-MANUSCRIPT-REPRESENTATIVE-SWEEP-001.json	literary-prose-engine-001	3
qualification/literary-prose-engine-001/manuscript-portfolio/PROSE-MULTI-MANUSCRIPT-SOURCE-CUSTODY-RECEIPT-001.json	literary-prose-engine-001	3
qualification/literary-prose-engine-001/manuscript-portfolio/PROSE-REAL-SEMANTIC-DIAGNOSTIC-PILOT-001.json	literary-prose-engine-001	3
qualification/literary-prose-engine-001/master-001/BUILD-AND-QUALIFICATION-ROADMAP-v1.json	literary-prose-engine-001	3
qualification/literary-prose-engine-001/master-001/LITERARY-PROSE-ENGINE-MASTER-PLAN-v1.md	literary-prose-engine-001	3
qualification/literary-prose-engine-001/master-001/MASTER-001-CLOSURE.md	literary-prose-engine-001	3
qualification/literary-prose-engine-001/master-001/MASTER-001-QUALIFICATION-CONTRACT-v1.json	literary-prose-engine-001	3
qualification/literary-prose-engine-001/master-001/VOICE-EVOLUTION-AND-DEVELOPMENT-CONTRACT-v1.json	literary-prose-engine-001	3
qualification/literary-prose-engine-001/master-001/validate_master_001.py	literary-prose-engine-001	3
qualification/literary-prose-engine-001/narrative-orchestration-001/NARRATIVE-ORCHESTRATION-CLOSURE.md	literary-prose-engine-001	3
qualification/literary-prose-engine-001/narrative-orchestration-001/NARRATIVE-ORCHESTRATION-CONTRACT-v1.json	literary-prose-engine-001	3
qualification/literary-prose-engine-001/narrative-orchestration-001/NARRATIVE-ORCHESTRATION-QUALIFICATION-EVIDENCE-v1.json	literary-prose-engine-001	3
qualification/literary-prose-engine-001/narrative-orchestration-001/orchestration_state.py	literary-prose-engine-001	3
qualification/literary-prose-engine-001/narrative-orchestration-001/run_orchestration_fixtures.py	literary-prose-engine-001	3
qualification/literary-prose-engine-001/narrative-state-001/NARRATIVE-STATE-CONTRACT-v1.json	literary-prose-engine-001	3
qualification/literary-prose-engine-001/narrative-state-001/NARRATIVE-STATE-MATERIALIZATION-CONTRACT-v1.json	literary-prose-engine-001	3
qualification/literary-prose-engine-001/narrative-state-001/NARRATIVE-STATE-MATERIALIZATION-EVIDENCE-v1.json	literary-prose-engine-001	3
qualification/literary-prose-engine-001/narrative-state-001/NARRATIVE-STATE-QUALIFICATION-EVIDENCE-v1.json	literary-prose-engine-001	3
qualification/literary-prose-engine-001/narrative-state-001/NARRATIVE-STATE-STEP-001-CLOSURE.md	literary-prose-engine-001	3
qualification/literary-prose-engine-001/narrative-state-001/NARRATIVE-STATE-STEP-002-CLOSURE.md	literary-prose-engine-001	3
qualification/literary-prose-engine-001/narrative-state-001/materialize_narrative_state.py	literary-prose-engine-001	3
qualification/literary-prose-engine-001/narrative-state-001/narrative_state.py	literary-prose-engine-001	3
qualification/literary-prose-engine-001/narrative-state-001/run_materialization_fixtures.py	literary-prose-engine-001	3
qualification/literary-prose-engine-001/narrative-state-001/run_narrative_state_fixtures.py	literary-prose-engine-001	3
qualification/literary-prose-engine-001/night-shift-2026-09-09/A01-NEXT-PORTFOLIO-CANDIDATE-v1.json	literary-prose-engine-001	3
qualification/literary-prose-engine-001/night-shift-2026-09-09/EXTRACTION-CALIBRATION-CLOSURE-v1.json	literary-prose-engine-001	3
qualification/literary-prose-engine-001/night-shift-2026-09-09/NEXT-DAY-EXTRACTION-CALIBRATION-PACKET-v1.json	literary-prose-engine-001	3
qualification/literary-prose-engine-001/night-shift-2026-09-09/NIGHT-SHIFT-CHAT-RETIREMENT-HANDOFF-001.json	literary-prose-engine-001	3
qualification/literary-prose-engine-001/night-shift-2026-09-09/NIGHT-SHIFT-CLOSURE-FINALIZATION-002.json	literary-prose-engine-001	3
qualification/literary-prose-engine-001/night-shift-2026-09-09/NIGHT-SHIFT-CLOSURE-RECONCILIATION-001.json	literary-prose-engine-001	3
qualification/literary-prose-engine-001/night-shift-2026-09-09/PRIORITIZED-BUILD-PACKETS-v1.json	literary-prose-engine-001	3
qualification/literary-prose-engine-001/night-shift-2026-09-09/PRIORITIZED-BUILD-PACKETS-v2.json	literary-prose-engine-001	3
qualification/literary-prose-engine-001/night-shift-2026-09-09/RESEARCH-PROVENANCE-v1.json	literary-prose-engine-001	3
qualification/literary-prose-engine-001/night-shift-2026-09-09/RESEARCH-PROVENANCE-v2.json	literary-prose-engine-001	3
qualification/literary-prose-engine-001/night-shift-2026-09-09/WORLD-CLASS-PROSE-GAP-AUDIT-v1.json	literary-prose-engine-001	3
qualification/literary-prose-engine-001/night-shift-2026-09-09/WORLD-CLASS-PROSE-GAP-AUDIT-v2.json	literary-prose-engine-001	3
qualification/literary-prose-engine-001/overnight-research/LITERARY-OVERNIGHT-SWEEP-PREQUALIFICATION.json	literary-prose-engine-001	3
qualification/literary-prose-engine-001/overnight-research/LITERARY-OVERNIGHT-SWEEP-v1.json	literary-prose-engine-001	3
qualification/literary-prose-engine-001/overnight-research/LITERARY-RESEARCH-DEEP-SEEDS-v1.json	literary-prose-engine-001	3
qualification/literary-prose-engine-001/overnight-research/LITERARY-RESEARCH-SOURCE-SEEDS-v1.json	literary-prose-engine-001	3
qualification/literary-prose-engine-001/overnight-research/deep_harvest.py	literary-prose-engine-001	3
qualification/literary-prose-engine-001/overnight-research/overnight_harvest.py	literary-prose-engine-001	3
qualification/literary-prose-engine-001/perspective-revelation-calibration-003/PERSPECTIVE-REVELATION-CALIBRATION-003-HOSTED-CLOSURE-v1.json	literary-prose-engine-001	3
qualification/literary-prose-engine-001/perspective-revelation-calibration-003/PERSPECTIVE-REVELATION-CALIBRATION-CONTRACT-v1.json	literary-prose-engine-001	3
qualification/literary-prose-engine-001/perspective-revelation-calibration-003/perspective_revelation_calibration.py	literary-prose-engine-001	3
qualification/literary-prose-engine-001/perspective-revelation-calibration-003/run_perspective_revelation_calibration_fixtures.py	literary-prose-engine-001	3
qualification/literary-prose-engine-001/real-book-qualification/AGLO-COMPOSITE-CANDIDATE-PROMOTION-REVIEW-001.json	literary-prose-engine-001	3
qualification/literary-prose-engine-001/real-book-qualification/AGLO-COMPOSITE-REVISION-PACKAGE-001.json	literary-prose-engine-001	3
qualification/literary-prose-engine-001/real-book-qualification/AGLO-PREADMISSION-QUALIFICATION.md	literary-prose-engine-001	3
qualification/literary-prose-engine-001/real-book-qualification/AGLO-RBQ-AUTHORITY-CORRECTION-002.json	literary-prose-engine-001	3
qualification/literary-prose-engine-001/real-book-qualification/AGLO-RBQ-CH24-TRACKED-CHANGE-PROJECTION-AUDIT-001.json	literary-prose-engine-001	3
qualification/literary-prose-engine-001/real-book-qualification/AGLO-RBQ-CONTROL-DRIFT-DEFENSE-001.json	literary-prose-engine-001	3
qualification/literary-prose-engine-001/real-book-qualification/AGLO-RBQ-LIVE-CLOSED-LOOP-001.json	literary-prose-engine-001	3
qualification/literary-prose-engine-001/real-book-qualification/AGLO-RBQ-PRIVATE-HARNESS-PREQUALIFICATION-001.json	literary-prose-engine-001	3
qualification/literary-prose-engine-001/real-book-qualification/AGLO-RBQ-PRIVATE-SAMPLE-VERIFICATION-001.json	literary-prose-engine-001	3
qualification/literary-prose-engine-001/real-book-qualification/AGLO-RBQ-REPRESENTATIVE-SAMPLE-CLOSURE-001.json	literary-prose-engine-001	3
qualification/literary-prose-engine-001/real-book-qualification/AGLO-RBQ-USER-ADJUDICATION-001.json	literary-prose-engine-001	3
qualification/literary-prose-engine-001/real-book-qualification/AGLO-RBQ-USER-DECISION-PACKET-001.json	literary-prose-engine-001	3
qualification/literary-prose-engine-001/real-book-qualification/AGLO-REAL-BOOK-BASELINE-RATIFICATION-001.json	literary-prose-engine-001	3
qualification/literary-prose-engine-001/real-book-qualification/AGLO-REAL-BOOK-CLOSED-LOOP-QUALIFICATION-001-EXECUTION-CONTRACT.json	literary-prose-engine-001	3
qualification/literary-prose-engine-001/real-book-qualification/AGLO-REAL-BOOK-QUALIFICATION-001-CLOSURE.md	literary-prose-engine-001	3
qualification/literary-prose-engine-001/real-book-qualification/AGLO-WHOLE-BOOK-AUTHOR-ADJUDICATION-001.json	literary-prose-engine-001	3
qualification/literary-prose-engine-001/real-book-qualification/AGLO-WHOLE-BOOK-AUTHOR-ADJUDICATION-RECEIPT-001.json	literary-prose-engine-001	3
qualification/literary-prose-engine-001/real-book-qualification/AGLO-WHOLE-BOOK-AUTHOR-ADJUDICATION-RECEIPT-002.json	literary-prose-engine-001	3
qualification/literary-prose-engine-001/real-book-qualification/AGLO-WHOLE-BOOK-AUTHOR-DECISION-QUEUE-001.json	literary-prose-engine-001	3
qualification/literary-prose-engine-001/real-book-qualification/AGLO-WHOLE-BOOK-AUTHOR-QUEUE-EVIDENCE-HARDENING-001.json	literary-prose-engine-001	3
qualification/literary-prose-engine-001/real-book-qualification/AGLO-WHOLE-BOOK-CHAPTER-MANIFEST-001.json	literary-prose-engine-001	3
qualification/literary-prose-engine-001/real-book-qualification/AGLO-WHOLE-BOOK-NONDESTRUCTIVE-SWEEP-001.json	literary-prose-engine-001	3
qualification/literary-prose-engine-001/real-book-qualification/AGLO-WHOLE-BOOK-REAL-BOOK-QUALIFICATION-CLOSURE-001.json	literary-prose-engine-001	3
qualification/literary-prose-engine-001/real-book-qualification/REAL-BOOK-ADMISSION-CONTRACT-v1.json	literary-prose-engine-001	3
qualification/literary-prose-engine-001/real-book-qualification/REAL-BOOK-ADMISSION-GATE-QUALIFICATION-EVIDENCE.json	literary-prose-engine-001	3
qualification/literary-prose-engine-001/real-book-qualification/REAL-BOOK-PREADMISSION-EVIDENCE.json	literary-prose-engine-001	3
qualification/literary-prose-engine-001/real-book-qualification/REAL-BOOK-QUALIFICATION-STATE.json	literary-prose-engine-001	3
qualification/literary-prose-engine-001/real-book-qualification/aglo_composite_revision_package.py	literary-prose-engine-001	3
qualification/literary-prose-engine-001/real-book-qualification/aglo_private_closed_loop_harness.py	literary-prose-engine-001	3
qualification/literary-prose-engine-001/real-book-qualification/aglo_whole_book_nondestructive_sweep.py	literary-prose-engine-001	3
qualification/literary-prose-engine-001/real-book-qualification/real_book_admission.py	literary-prose-engine-001	3
qualification/literary-prose-engine-001/real-book-qualification/run_real_book_admission_fixtures.py	literary-prose-engine-001	3
qualification/literary-prose-engine-001/step-a/CRAFT-ANNOTATION-ONTOLOGY-v1.json	literary-prose-engine-001	3
qualification/literary-prose-engine-001/step-a/DERIVED-LITERARY-INTELLIGENCE-SCHEMA-v1.json	literary-prose-engine-001	3
qualification/literary-prose-engine-001/step-a/LITERARY-SOURCE-RIGHTS-PROVENANCE-SCHEMA-v1.json	literary-prose-engine-001	3
qualification/literary-prose-engine-001/step-a/PROJECT-VOICE-PROFILE-SCHEMA-v1.json	literary-prose-engine-001	3
qualification/literary-prose-engine-001/step-a/PROSE-QUALITY-CONDITIONING-AND-PRESERVATION-CONTRACT-v1.json	literary-prose-engine-001	3
qualification/literary-prose-engine-001/step-a/RESEARCH-BASIS.md	literary-prose-engine-001	3
qualification/literary-prose-engine-001/step-a/STEP-A-CLOSURE.md	literary-prose-engine-001	3
qualification/literary-prose-engine-001/step-a/STEP-A-QUALIFICATION-CONTRACT-v1.json	literary-prose-engine-001	3
qualification/literary-prose-engine-001/step-a/WORK-EDITION-SOURCE-PASSAGE-IDENTITY-CONTRACT-v1.json	literary-prose-engine-001	3
qualification/literary-prose-engine-001/step-a/validate_step_a.py	literary-prose-engine-001	3
qualification/literary-prose-engine-001/step-b/MANUSCRIPT-VERSION-MATURITY-SCHEMA-v1.json	literary-prose-engine-001	3
qualification/literary-prose-engine-001/step-b/STEP-B-ADMISSION-AND-CUSTODY-CONTRACT-v1.json	literary-prose-engine-001	3
qualification/literary-prose-engine-001/step-b/STEP-B-CLOSURE.md	literary-prose-engine-001	3
qualification/literary-prose-engine-001/step-b/STEP-B-QUALIFICATION-CONTRACT-v1.json	literary-prose-engine-001	3
qualification/literary-prose-engine-001/step-b/STEP-B-QUALIFICATION-EVIDENCE.json	literary-prose-engine-001	3
qualification/literary-prose-engine-001/step-b/admission_controller.py	literary-prose-engine-001	3
qualification/literary-prose-engine-001/step-b/fixtures/step_b_cases.json	literary-prose-engine-001	3
qualification/literary-prose-engine-001/step-b/run_step_b_fixtures.py	literary-prose-engine-001	3
qualification/literary-prose-engine-001/step-b/validate_step_b.py	literary-prose-engine-001	3
qualification/literary-prose-engine-001/step-c/STEP-C-CLOSURE.md	literary-prose-engine-001	3
qualification/literary-prose-engine-001/step-c/STEP-C-QUALIFICATION-CONTRACT-v1.json	literary-prose-engine-001	3
qualification/literary-prose-engine-001/step-c/STEP-C-QUALIFICATION-EVIDENCE.json	literary-prose-engine-001	3
qualification/literary-prose-engine-001/step-c/USER-MANUSCRIPT-DERIVED-METRICS-v1.json	literary-prose-engine-001	3
qualification/literary-prose-engine-001/step-c/VOICE-BASELINE-AND-TRAJECTORY-v1.json	literary-prose-engine-001	3
qualification/literary-prose-engine-001/step-c/VOICE-INTELLIGENCE-AND-TRAJECTORY-CONTRACT-v1.json	literary-prose-engine-001	3
qualification/literary-prose-engine-001/step-c/VOICE-TRAIT-EVIDENCE-SCHEMA-v1.json	literary-prose-engine-001	3
qualification/literary-prose-engine-001/step-c/fixtures/step_c_cases.json	literary-prose-engine-001	3
qualification/literary-prose-engine-001/step-c/run_step_c_fixtures.py	literary-prose-engine-001	3
qualification/literary-prose-engine-001/step-c/validate_step_c.py	literary-prose-engine-001	3
qualification/literary-prose-engine-001/step-c/voice_intelligence.py	literary-prose-engine-001	3
qualification/literary-prose-engine-001/step-d/CRAFT-KNOWLEDGE-DISTILLATION-CONTRACT-v1.json	literary-prose-engine-001	3
qualification/literary-prose-engine-001/step-d/LITERARY-CRAFT-ACADEMY-MAP-v1.json	literary-prose-engine-001	3
qualification/literary-prose-engine-001/step-d/LITERARY-CRAFT-SOURCE-REGISTRY-SCHEMA-v1.json	literary-prose-engine-001	3
qualification/literary-prose-engine-001/step-d/RESEARCH-BASIS.md	literary-prose-engine-001	3
qualification/literary-prose-engine-001/step-d/STEP-D-CLOSURE.md	literary-prose-engine-001	3
qualification/literary-prose-engine-001/step-d/STEP-D-DISTILLED-PRINCIPLES-v1.json	literary-prose-engine-001	3
qualification/literary-prose-engine-001/step-d/STEP-D-QUALIFICATION-CONTRACT-v1.json	literary-prose-engine-001	3
qualification/literary-prose-engine-001/step-d/STEP-D-QUALIFICATION-EVIDENCE.json	literary-prose-engine-001	3
qualification/literary-prose-engine-001/step-d/STEP-D-SOURCE-REGISTRY-v1.json	literary-prose-engine-001	3
qualification/literary-prose-engine-001/step-d/fixtures/step_d_cases.json	literary-prose-engine-001	3
qualification/literary-prose-engine-001/step-d/run_step_d_fixtures.py	literary-prose-engine-001	3
qualification/literary-prose-engine-001/step-d/source_registry.py	literary-prose-engine-001	3
qualification/literary-prose-engine-001/step-d/validate_step_d.py	literary-prose-engine-001	3
qualification/literary-prose-engine-001/step-e/OPPORTUNITY-PRIORITIZATION-CONTRACT-v1.json	literary-prose-engine-001	3
qualification/literary-prose-engine-001/step-e/PASSAGE-INTELLIGENCE-CONTRACT-v1.json	literary-prose-engine-001	3
qualification/literary-prose-engine-001/step-e/PASSAGE-STATE-SCHEMA-v1.json	literary-prose-engine-001	3
qualification/literary-prose-engine-001/step-e/STEP-E-CLOSURE.md	literary-prose-engine-001	3
qualification/literary-prose-engine-001/step-e/STEP-E-QUALIFICATION-CONTRACT-v1.json	literary-prose-engine-001	3
qualification/literary-prose-engine-001/step-e/STEP-E-QUALIFICATION-EVIDENCE.json	literary-prose-engine-001	3
qualification/literary-prose-engine-001/step-e/fixtures/step_e_cases.json	literary-prose-engine-001	3
qualification/literary-prose-engine-001/step-e/passage_intelligence.py	literary-prose-engine-001	3
qualification/literary-prose-engine-001/step-e/run_step_e_fixtures.py	literary-prose-engine-001	3
qualification/literary-prose-engine-001/step-e/validate_step_e.py	literary-prose-engine-001	3
qualification/literary-prose-engine-001/step-f/DIAGNOSTIC-EVIDENCE-SCHEMA-v1.json	literary-prose-engine-001	3
qualification/literary-prose-engine-001/step-f/OPPORTUNITY-ADJUDICATION-CONTRACT-v1.json	literary-prose-engine-001	3
qualification/literary-prose-engine-001/step-f/PROSE-BLIND-EVALUATOR-LAUNCH-PACKET-002-OWNER-CLOSURE-003.json	literary-prose-engine-001	1
qualification/literary-prose-engine-001/step-f/PROSE-BLIND-EXECUTION-FORENSIC-REPAIR-001.json	literary-prose-blind-eval-001	1
qualification/literary-prose-engine-001/step-f/PROSE-REAL-LIMITATION-AUTHOR-ADJUDICATION-001-QUALIFICATION-RECEIPT.json	literary-prose-engine-001	2
qualification/literary-prose-engine-001/step-f/PROSE-REAL-LIMITATION-BLIND-EVALUATION-CONTRACT-001.json	literary-prose-blind-eval-001	1
qualification/literary-prose-engine-001/step-f/PROSE-REAL-LIMITATION-BLIND-EVALUATOR-LAUNCH-PACKET-002.json	literary-prose-blind-eval-001	1
qualification/literary-prose-engine-001/step-f/PROSE-REAL-LIMITATION-BLIND-EVALUATOR-STARTUP-001.md	literary-prose-blind-eval-001	1
qualification/literary-prose-engine-001/step-f/PROSE-REAL-LIMITATION-BLIND-PASSAGE-RECONSTRUCTION-ADJUDICATION-001.json	literary-prose-engine-001	2
qualification/literary-prose-engine-001/step-f/PROSE-REAL-LIMITATION-GROUND-TRUTH-AUTHOR-PACKET-001.json	literary-prose-engine-001	3
qualification/literary-prose-engine-001/step-f/PROSE-REAL-LIMITATION-GROUND-TRUTH-PACKET-001-QUALIFICATION-RECEIPT.json	literary-prose-engine-001	3
qualification/literary-prose-engine-001/step-f/PROSE-REAL-LIMITATION-STRENGTH-OBSERVATION-CALIBRATION-001.json	literary-prose-engine-001	3
qualification/literary-prose-engine-001/step-f/SPECIALIST-DIAGNOSTIC-CONTRACT-v1.json	literary-prose-engine-001	3
qualification/literary-prose-engine-001/step-f/SPECIALIST-REGISTRY-v1.json	literary-prose-engine-001	3
qualification/literary-prose-engine-001/step-f/SPECIALIST-REGISTRY-v2.json	literary-prose-engine-001	3
qualification/literary-prose-engine-001/step-f/STEP-F-CLOSURE.md	literary-prose-engine-001	3
qualification/literary-prose-engine-001/step-f/STEP-F-QUALIFICATION-CONTRACT-v1.json	literary-prose-engine-001	3
qualification/literary-prose-engine-001/step-f/STEP-F-QUALIFICATION-EVIDENCE.json	literary-prose-engine-001	3
qualification/literary-prose-engine-001/step-f/fixtures/REAL-MOSES-UNHINDERED-STRENGTH-OBSERVATION-CALIBRATION-v1.json	literary-prose-engine-001	3
qualification/literary-prose-engine-001/step-f/fixtures/step_f_cases.json	literary-prose-engine-001	3
qualification/literary-prose-engine-001/step-f/prose_blind_source_custody_preflight.py	literary-prose-blind-eval-001	1
qualification/literary-prose-engine-001/step-f/run_prose_blind_source_custody_preflight_fixtures.py	literary-prose-blind-eval-001	1
qualification/literary-prose-engine-001/step-f/run_real_strength_observation_calibration.py	literary-prose-engine-001	3
qualification/literary-prose-engine-001/step-f/run_step_005_registry_fixture.py	literary-prose-engine-001	3
qualification/literary-prose-engine-001/step-f/run_step_005_unified_diagnostic_fixtures.py	literary-prose-engine-001	3
qualification/literary-prose-engine-001/step-f/run_step_006_real_passage_fixtures.py	literary-prose-engine-001	3
qualification/literary-prose-engine-001/step-f/run_step_007_finding_calibration_fixtures.py	literary-prose-engine-001	3
qualification/literary-prose-engine-001/step-f/run_step_008_opportunity_admission_fixtures.py	literary-prose-engine-001	3
qualification/literary-prose-engine-001/step-f/run_step_f_fixtures.py	literary-prose-engine-001	3
qualification/literary-prose-engine-001/step-f/specialist_diagnostics.py	literary-prose-engine-001	3
qualification/literary-prose-engine-001/step-f/step_006_applicability.py	literary-prose-engine-001	3
qualification/literary-prose-engine-001/step-f/step_007_finding_calibration.py	literary-prose-engine-001	3
qualification/literary-prose-engine-001/step-f/step_008_opportunity_admission.py	literary-prose-engine-001	3
qualification/literary-prose-engine-001/step-f/unified_granular_diagnostics.py	literary-prose-engine-001	3
qualification/literary-prose-engine-001/step-f/validate_real_limitation_ground_truth_packet.py	literary-prose-engine-001	3
qualification/literary-prose-engine-001/step-f/validate_step_f.py	literary-prose-engine-001	3
qualification/literary-prose-engine-001/step-g/CONTRASTIVE-CRAFT-FOUNDRY-CONTRACT-v1.json	literary-prose-engine-001	3
qualification/literary-prose-engine-001/step-g/CONTRASTIVE-PAIR-SCHEMA-v1.json	literary-prose-engine-001	3
qualification/literary-prose-engine-001/step-g/HARD-NEGATIVE-SCHEMA-v1.json	literary-prose-engine-001	3
qualification/literary-prose-engine-001/step-g/REVISION-TRANSFORM-SCHEMA-v1.json	literary-prose-engine-001	3
qualification/literary-prose-engine-001/step-g/STEP-G-CLOSURE.md	literary-prose-engine-001	3
qualification/literary-prose-engine-001/step-g/STEP-G-QUALIFICATION-CONTRACT-v1.json	literary-prose-engine-001	3
qualification/literary-prose-engine-001/step-g/STEP-G-QUALIFICATION-EVIDENCE.json	literary-prose-engine-001	3
qualification/literary-prose-engine-001/step-g/TECHNIQUE-EFFECT-RECORD-SCHEMA-v1.json	literary-prose-engine-001	3
qualification/literary-prose-engine-001/step-g/contrastive_foundry.py	literary-prose-engine-001	3
qualification/literary-prose-engine-001/step-g/fixtures/step_g_cases.json	literary-prose-engine-001	3
qualification/literary-prose-engine-001/step-g/run_step_g_fixtures.py	literary-prose-engine-001	3
qualification/literary-prose-engine-001/step-g/validate_step_g.py	literary-prose-engine-001	3
qualification/literary-prose-engine-001/step-h/CONTROLLED-REVISION-ENGINE-CONTRACT-v1.json	literary-prose-engine-001	3
qualification/literary-prose-engine-001/step-h/EDIT-AMBITION-CONTRACT-v1.json	literary-prose-engine-001	3
qualification/literary-prose-engine-001/step-h/PRESERVATION-AUDIT-CONTRACT-v1.json	literary-prose-engine-001	3
qualification/literary-prose-engine-001/step-h/REVISION-CANDIDATE-SCHEMA-v1.json	literary-prose-engine-001	3
qualification/literary-prose-engine-001/step-h/STEP-H-CLOSURE.md	literary-prose-engine-001	3
qualification/literary-prose-engine-001/step-h/STEP-H-QUALIFICATION-CONTRACT-v1.json	literary-prose-engine-001	3
qualification/literary-prose-engine-001/step-h/STEP-H-QUALIFICATION-EVIDENCE.json	literary-prose-engine-001	3
qualification/literary-prose-engine-001/step-h/controlled_revision.py	literary-prose-engine-001	3
qualification/literary-prose-engine-001/step-h/fixtures/step_h_cases.json	literary-prose-engine-001	3
qualification/literary-prose-engine-001/step-h/run_step_h_fixtures.py	literary-prose-engine-001	3
qualification/literary-prose-engine-001/step-h/validate_step_h.py	literary-prose-engine-001	3
qualification/literary-prose-engine-001/step-i/INDEPENDENT-LITERARY-EVALUATOR-CONTRACT-v1.json	literary-prose-engine-001	3
qualification/literary-prose-engine-001/step-i/MULTIDIMENSIONAL-DECISION-CONTRACT-v1.json	literary-prose-engine-001	3
qualification/literary-prose-engine-001/step-i/PAIRWISE-EVALUATION-SCHEMA-v1.json	literary-prose-engine-001	3
qualification/literary-prose-engine-001/step-i/POSITION-SWAP-AND-BLINDING-CONTRACT-v1.json	literary-prose-engine-001	3
qualification/literary-prose-engine-001/step-i/PRESERVATION-REGRESSION-GATE-v1.json	literary-prose-engine-001	3
qualification/literary-prose-engine-001/step-i/STEP-I-CLOSURE.md	literary-prose-engine-001	3
qualification/literary-prose-engine-001/step-i/STEP-I-HARDENING-EVIDENCE.json	literary-prose-engine-001	3
qualification/literary-prose-engine-001/step-i/STEP-I-QUALIFICATION-CONTRACT-v1.json	literary-prose-engine-001	3
qualification/literary-prose-engine-001/step-i/STEP-I-QUALIFICATION-EVIDENCE.json	literary-prose-engine-001	3
qualification/literary-prose-engine-001/step-i/fixtures/step_i_cases.json	literary-prose-engine-001	3
qualification/literary-prose-engine-001/step-i/independent_evaluator.py	literary-prose-engine-001	3
qualification/literary-prose-engine-001/step-i/run_step_i_fixtures.py	literary-prose-engine-001	3
qualification/literary-prose-engine-001/step-i/run_step_i_hardening_fixtures.py	literary-prose-engine-001	3
qualification/literary-prose-engine-001/step-i/validate_step_i.py	literary-prose-engine-001	3
qualification/literary-prose-engine-001/step-j/STEP-J-CLOSURE.md	literary-prose-engine-001	3
qualification/literary-prose-engine-001/step-j/STEP-J-HARDENING-EVIDENCE.json	literary-prose-engine-001	3
qualification/literary-prose-engine-001/step-j/STEP-J-QUALIFICATION-CONTRACT-v1.json	literary-prose-engine-001	3
qualification/literary-prose-engine-001/step-j/STEP-J-QUALIFICATION-EVIDENCE.json	literary-prose-engine-001	3
qualification/literary-prose-engine-001/step-j/VOICE-EVOLUTION-EVENT-SCHEMA-v1.json	literary-prose-engine-001	3
qualification/literary-prose-engine-001/step-j/VOICE-LEARNING-STATE-CONTRACT-v1.json	literary-prose-engine-001	3
qualification/literary-prose-engine-001/step-j/project-evidence/AGLO-STEP-J-PREFERENCE-EVIDENCE-001.json	literary-prose-engine-001	3
qualification/literary-prose-engine-001/step-j/project-evidence/AGLO-STEP-J-PREFERENCE-EVIDENCE-002.json	literary-prose-engine-001	3
qualification/literary-prose-engine-001/step-j/project-evidence/AGLO-STEP-J-PREFERENCE-EVIDENCE-003.json	literary-prose-engine-001	3
qualification/literary-prose-engine-001/step-j/run_step_j_fixtures.py	literary-prose-engine-001	3
qualification/literary-prose-engine-001/step-j/run_step_j_hardening_fixtures.py	literary-prose-engine-001	3
qualification/literary-prose-engine-001/step-j/voice_preference_learning.py	literary-prose-engine-001	3
qualification/literary-prose-engine-001/step-k/HOMOGENIZATION-OVEROPTIMIZATION-DEFENSE-CONTRACT-v1.json	literary-prose-engine-001	3
qualification/literary-prose-engine-001/step-k/STEP-K-CLOSURE.md	literary-prose-engine-001	3
qualification/literary-prose-engine-001/step-k/STEP-K-J-HARDENED-REBIND-EVIDENCE.json	literary-prose-engine-001	3
qualification/literary-prose-engine-001/step-k/STEP-K-QUALIFICATION-CONTRACT-v1.json	literary-prose-engine-001	3
qualification/literary-prose-engine-001/step-k/STEP-K-QUALIFICATION-EVIDENCE.json	literary-prose-engine-001	3
qualification/literary-prose-engine-001/step-k/overoptimization_defense.py	literary-prose-engine-001	3
qualification/literary-prose-engine-001/step-k/run_step_k_fixtures.py	literary-prose-engine-001	3
qualification/literary-prose-engine-001/step-l/STEP-L-CLOSURE.md	literary-prose-engine-001	3
qualification/literary-prose-engine-001/step-l/STEP-L-QUALIFICATION-CONTRACT-v1.json	literary-prose-engine-001	3
qualification/literary-prose-engine-001/step-l/STEP-L-QUALIFICATION-EVIDENCE.json	literary-prose-engine-001	3
qualification/literary-prose-engine-001/step-l/closed_loop.py	literary-prose-engine-001	3
qualification/literary-prose-engine-001/step-l/run_step_l_fixtures.py	literary-prose-engine-001	3
qualification/literary-prose-engine-001/unification-001/BOOK-INTELLIGENCE-GAP-REGISTER-v1.json	literary-prose-engine-001	3
qualification/literary-prose-engine-001/unification-001/BOOK-INTELLIGENCE-UNIFICATION-001-STEP-007-CLOSURE.md	literary-prose-engine-001	3
qualification/literary-prose-engine-001/unification-001/BOOK-INTELLIGENCE-UNIFICATION-001-STEP-008-CLOSURE.md	literary-prose-engine-001	3
qualification/literary-prose-engine-001/unification-001/BOOK-INTELLIGENCE-UNIFICATION-001.md	literary-prose-engine-001	3
qualification/literary-prose-engine-001/unification-001/GRANULAR-SPECIALIST-CONTRACTS-v1.json	literary-prose-engine-001	3
qualification/literary-prose-engine-001/unification-001/PRE012-LINEAGE-RECOVERY-RESULT.md	literary-prose-engine-001	3
qualification/literary-prose-engine-001/unification-001/STEP-003-SPECIALIST-EQUIVALENCE-CENSUS.md	literary-prose-engine-001	3
qualification/literary-prose-engine-001/unification-001/STEP-004-GRANULAR-SPECIALIST-QUALIFICATION-EVIDENCE.json	literary-prose-engine-001	3
qualification/literary-prose-engine-001/unification-001/STEP-005-DIMENSION-AUTHORITY-MAP-v1.json	literary-prose-engine-001	3
qualification/literary-prose-engine-001/unification-001/STEP-005-UNIFIED-DIAGNOSTIC-QUALIFICATION-EVIDENCE.json	literary-prose-engine-001	3
qualification/literary-prose-engine-001/unification-001/STEP-006-REAL-PASSAGE-QUALIFICATION-EVIDENCE.json	literary-prose-engine-001	3
qualification/literary-prose-engine-001/unification-001/STEP-008-OPPORTUNITY-ADMISSION-CONTRACT-v1.json	literary-prose-engine-001	3
qualification/literary-prose-engine-001/unification-001/STEP-008-OPPORTUNITY-ADMISSION-EVIDENCE-v1.json	literary-prose-engine-001	3
qualification/literary-prose-engine-001/unification-001/run_granular_specialist_contract_fixtures.py	literary-prose-engine-001	3
qualification/website-building/corpus/static-basic/app.js	recovery/core-consolidation-001	2
qualification/website-building/corpus/static-basic/index.html	recovery/core-consolidation-001	2
qualification/website-building/corpus/static-basic/styles.css	recovery/core-consolidation-001	2
