path,sha256,bytes
01_CURRENT_DOCUMENT_PROCESSING_MODULE/src/main/java/org/systemmaster/core/ArtifactIntakePolicy.java,28d32814360e7f560bf3e7c54c2c70211f347993d9382d5714f35a9a23355d74,1518
01_CURRENT_DOCUMENT_PROCESSING_MODULE/src/main/java/org/systemmaster/core/ArtifactIntakeReceipt.java,3231af3d5833a04d96d1a3263e6e44bc302be7b5596bfe4904eb9868239bf625,1872
01_CURRENT_DOCUMENT_PROCESSING_MODULE/src/main/java/org/systemmaster/core/ArtifactIntakeRequest.java,c6380ff447c5a833f6245a1c269db497e425adc0077883d03d76ee38792f5ebc,2181
01_CURRENT_DOCUMENT_PROCESSING_MODULE/src/main/java/org/systemmaster/core/ArtifactMediaDetector.java,a9b8c4cfe132b725e2fb7c23e6f9e9d5e14b9be7b3e4d12ee1365b1b0f2017d8,7380
01_CURRENT_DOCUMENT_PROCESSING_MODULE/src/main/java/org/systemmaster/core/ArtifactTransferSession.java,1707ff0c001d386b5f1316238f1cf508a02c4670ea2e6db99e726e32416d9518,1471
01_CURRENT_DOCUMENT_PROCESSING_MODULE/src/main/java/org/systemmaster/core/CapabilityDescriptor.java,24b8c161d5f584415fb0f737c28d611e05198d758d16e096422704a4a33a353c,3739
01_CURRENT_DOCUMENT_PROCESSING_MODULE/src/main/java/org/systemmaster/core/CapabilityDescriptorDigests.java,e49f15ef958749e360400b6566125e0990f5271ee239a53354327d1f1e69c9fe,3576
01_CURRENT_DOCUMENT_PROCESSING_MODULE/src/main/java/org/systemmaster/core/CapabilityRegistry.java,ba262da58de348ef73bc589d5766e17d74b24dfc2e59ee19a21e5b54293a85cc,497
01_CURRENT_DOCUMENT_PROCESSING_MODULE/src/main/java/org/systemmaster/core/EffectClass.java,5a0c6e5da3702c707de7545825b20eed7df485c9c16e1ed7912f097861a32a5e,403
01_CURRENT_DOCUMENT_PROCESSING_MODULE/src/main/java/org/systemmaster/core/FilePlatform008Repository.java,3663f2a3d10621ef709f62d00e66cd36acd75677ea677672cf5dbb0fa3b24fe8,12757
01_CURRENT_DOCUMENT_PROCESSING_MODULE/src/main/java/org/systemmaster/core/GovernedArtifactGateway.java,2e9a3ece5c38fa66883f0e83290850574330af49ec32addbd6a83600a32b61d5,7937
01_CURRENT_DOCUMENT_PROCESSING_MODULE/src/main/java/org/systemmaster/core/InMemoryCapabilityRegistry.java,5c1324e11a684e42c81f2d05ce81f8152499724e08e34b0b75e2b037486fe489,1625
01_CURRENT_DOCUMENT_PROCESSING_MODULE/src/main/java/org/systemmaster/core/InMemoryPlatform008Repository.java,8819e38f380dd0356e6ec1e97cff426199600823f1fe298bcc7e47a93c289f6b,1492
01_CURRENT_DOCUMENT_PROCESSING_MODULE/src/main/java/org/systemmaster/core/PackageSafetyInspector.java,89f634ac5218a6806feda9285fb495778e557c5a1bc62c013482365a58013192,3334
01_CURRENT_DOCUMENT_PROCESSING_MODULE/src/main/java/org/systemmaster/core/Platform008Repository.java,75eaa3d523dce0658441e2216e781ddebe1bcb63ccf814a218a582c4819b9964,472
01_CURRENT_DOCUMENT_PROCESSING_MODULE/src/main/java/org/systemmaster/core/UuidV7.java,c476951703f1e7f1467dbc704cd332d6c06d3efdfcee30a0ff1e60328633a19c,5088
01_CURRENT_DOCUMENT_PROCESSING_MODULE/src/main/java/org/systemmaster/platform/windows/LocalOnlyExecutionPolicy.java,4c94b28deca747bae1bc3b78fa3c3a47d7e758ba5a9e630abf4225ed86c2153a,1996
01_CURRENT_DOCUMENT_PROCESSING_MODULE/src/main/java/org/systemmaster/platform/windows/WindowsLocalCapabilityPlanner.java,2f62f09a128307eccee63b837361a899268cef88206426c8f2740fb1cb61b03b,3917
01_CURRENT_DOCUMENT_PROCESSING_MODULE/src/main/java/org/systemmaster/platform/windows/WindowsLocalEngineCatalog.java,61de034d35b1e03b674732afb0ed8e3c0e9135310701db45a2d3096c726dcb22,7978
01_CURRENT_DOCUMENT_PROCESSING_MODULE/src/main/java/org/systemmaster/platform/windows/WindowsLocalEngineDescriptor.java,03b45bad730ae9db5a3bee8faadbf37d76f3ee8bf556d2b1003f237b73c5ed9d,2561
01_CURRENT_DOCUMENT_PROCESSING_MODULE/src/main/java/org/systemmaster/platform/windows/WindowsLocalRuntimeProfile.java,b624586e16b33d1c73186991dda807789b93e601fb03dbb371af2cfb3639a7a3,1646
01_CURRENT_DOCUMENT_PROCESSING_MODULE/src/main/java/org/systemmaster/tools/common/OoxmlMutationPlan.java,304225c0d36ccd135a577ed19a04bacc3c74a51074161ef0fe228d2a3f0a9649,1449
01_CURRENT_DOCUMENT_PROCESSING_MODULE/src/main/java/org/systemmaster/tools/common/OoxmlPackageSupport.java,f92be0d9c3a61381c1a880a0d6d25c77eabcd51f1adbba9f6044b576c4e98b4d,8290
01_CURRENT_DOCUMENT_PROCESSING_MODULE/src/main/java/org/systemmaster/tools/design/BrandDesignProfile.java,dcfd357ac985505ffe0db7536b77872099f30d3fd061cb926f93d9f1332710ef,3138
01_CURRENT_DOCUMENT_PROCESSING_MODULE/src/main/java/org/systemmaster/tools/design/CompositeRenderedVisualCritic.java,9f501e543789617323c6f5212c7bd979ac7fbd702204192775ff3c42204b4c66,1587
01_CURRENT_DOCUMENT_PROCESSING_MODULE/src/main/java/org/systemmaster/tools/design/DesignLocalProcess.java,3a5d60528ee374973524271c518b6fd2a4be049c7f27a1e35d58074c62305594,2641
01_CURRENT_DOCUMENT_PROCESSING_MODULE/src/main/java/org/systemmaster/tools/design/DeterministicDesignScorer.java,eadbc6ff0606e9e3319de0848651dce1ff83a0bfcc71ada2fd3d6fcf04d9f276,5061
01_CURRENT_DOCUMENT_PROCESSING_MODULE/src/main/java/org/systemmaster/tools/design/DeterministicLayoutRefiner.java,7de4a9654fb4be0349dc6b6993988f8f71607a30c51947036e7a497b5f52eadb,2425
01_CURRENT_DOCUMENT_PROCESSING_MODULE/src/main/java/org/systemmaster/tools/design/DeterministicLayoutSolver.java,963f28074ccaccecbff2e1ac860331e7840df18ba57b8423155a2bda96a7e492,7883
01_CURRENT_DOCUMENT_PROCESSING_MODULE/src/main/java/org/systemmaster/tools/design/DeterministicPageLayoutSolver.java,b90cdff979d964e1af3076288fc79e0271b3325efe19f0961e202fa3849a2a11,4463
01_CURRENT_DOCUMENT_PROCESSING_MODULE/src/main/java/org/systemmaster/tools/design/DeterministicRenderedVisualCritic.java,130104bbd0e93b52f1e2cad3d89bd70e5e50f5dfbcc84b6094a2762c48813d01,2978
01_CURRENT_DOCUMENT_PROCESSING_MODULE/src/main/java/org/systemmaster/tools/design/DocumentFormattingPlan.java,c7cdb3e4d316f78a32ee26cb8c20a55bc1e62a37e0b966ea031b4cd17f11ea33,1122
01_CURRENT_DOCUMENT_PROCESSING_MODULE/src/main/java/org/systemmaster/tools/design/DocumentPageBrief.java,ef0fca159a209ef3fdda572f219d253c9646fb3dc63c55512f2f8540c0d865d0,1083
01_CURRENT_DOCUMENT_PROCESSING_MODULE/src/main/java/org/systemmaster/tools/design/DocumentPageLayoutCandidate.java,8d6a1a13494fa2fda5d889874a83a703809c623409479efdc4668b3e627a98e9,1568
01_CURRENT_DOCUMENT_PROCESSING_MODULE/src/main/java/org/systemmaster/tools/design/LayoutConstraintValidator.java,e927b4eaf00a88a192cd3da05d6e6e92e7f55429673d0aa6c03331b6eb892e48,3247
01_CURRENT_DOCUMENT_PROCESSING_MODULE/src/main/java/org/systemmaster/tools/design/LayoutFrame.java,9f06cfe54f6d8e93abebd599ee310c39b413932f97c3efcb0d898e46adbf96ad,1045
01_CURRENT_DOCUMENT_PROCESSING_MODULE/src/main/java/org/systemmaster/tools/design/LocalPresentationRasterizer.java,0cc8c6c1dd320c5d9785137048d1399cc488ff479554c635b6e0137a73aed156,7028
01_CURRENT_DOCUMENT_PROCESSING_MODULE/src/main/java/org/systemmaster/tools/design/LocalVisualCriticProcessPort.java,23d8b94901f8205ece0f959fe0f2702219433f5058001c51eecf5c896d7d4728,3913
01_CURRENT_DOCUMENT_PROCESSING_MODULE/src/main/java/org/systemmaster/tools/design/MasterpieceDesignContract.java,46d2c0b208c2dfd4d55100da6d971f8875b8378ddc06baa8a832e46e95891277,3148
01_CURRENT_DOCUMENT_PROCESSING_MODULE/src/main/java/org/systemmaster/tools/design/MasterpieceDocxExporter.java,e53098788b1d54e9a5ab9055ca890966736a20a2cbafbd70b812e53a598f440c,10476
01_CURRENT_DOCUMENT_PROCESSING_MODULE/src/main/java/org/systemmaster/tools/design/MasterpieceOptimizationEngine.java,05f00a92766583a54403f07cd67d7041f6c5ab815fa759d9dc7ff90b4ca5cb24,12569
01_CURRENT_DOCUMENT_PROCESSING_MODULE/src/main/java/org/systemmaster/tools/design/MasterpiecePptxExporter.java,e7c2a67c7db30a956c89f22d959e22b2dcf578f4eca5ab69aa552895c190c572,8527
01_CURRENT_DOCUMENT_PROCESSING_MODULE/src/main/java/org/systemmaster/tools/design/MasterpieceQualityGate.java,5798330898567cf9f86ffb3b4bddabf83d968b422a99da25ad70c65a40bdd640,3334
01_CURRENT_DOCUMENT_PROCESSING_MODULE/src/main/java/org/systemmaster/tools/design/NarrativePlan.java,0a1572665340d3aff4f82da6dd5c5ffa16317e53a69c8de3e615aa007a92bc0b,999
01_CURRENT_DOCUMENT_PROCESSING_MODULE/src/main/java/org/systemmaster/tools/design/NarrativePlanValidator.java,659818a9d4daca479707cd656dbc0ba4cc7ed30dee132abd5d303f51c5f3299b,2716
01_CURRENT_DOCUMENT_PROCESSING_MODULE/src/main/java/org/systemmaster/tools/design/PageArchetype.java,e0c1642a0a5e22480aff49ce33f694f42a82d535f6a7f81f5eaef0694b3ef14e,357
01_CURRENT_DOCUMENT_PROCESSING_MODULE/src/main/java/org/systemmaster/tools/design/PresentationRasterizerPort.java,f6fee4f2e0e98a8bcbdd39ba0be4d600184a9eba9d55b82b1cc1514417ff013b,734
01_CURRENT_DOCUMENT_PROCESSING_MODULE/src/main/java/org/systemmaster/tools/design/RenderedVisualCriticPort.java,9cf3697194a3229c178c24f40b930ca875f7e4596eff56d02a8d18c87758ca6d,1186
01_CURRENT_DOCUMENT_PROCESSING_MODULE/src/main/java/org/systemmaster/tools/design/SlideArchetype.java,26882cad47ce714db3957682f1886792726a73890d920074d5712ddaf12c665b,301
01_CURRENT_DOCUMENT_PROCESSING_MODULE/src/main/java/org/systemmaster/tools/design/SlideBrief.java,11346be2b4fca44d8778e9ade56b9951971a60d7afc9b7ecd9dcccb8722b79a4,1648
01_CURRENT_DOCUMENT_PROCESSING_MODULE/src/main/java/org/systemmaster/tools/design/SlideLayoutCandidate.java,ae345527d2a64642b3dc0cbe0684d8b29a0a8ee04ba7a275b2e4bdbe058e865a,2144
01_CURRENT_DOCUMENT_PROCESSING_MODULE/src/main/java/org/systemmaster/tools/document/CanonicalDocumentGraph.java,5783014255d5afafdb39e3742fee694c87624fba632067f4c1c15eb5dd0843e4,7039
01_CURRENT_DOCUMENT_PROCESSING_MODULE/src/main/java/org/systemmaster/tools/document/CanonicalDocumentGraphProjector.java,67ff38ed54aaac4b71d4dfc8db8739f39ee71255d37545a9eb0ad7fa4069ccc6,6875
01_CURRENT_DOCUMENT_PROCESSING_MODULE/src/main/java/org/systemmaster/tools/document/CanonicalDocumentGraphV2.java,16624607558e8d78683031f2b5eabdb990cacd0ec4ec7592211c103be03e9384,26407
01_CURRENT_DOCUMENT_PROCESSING_MODULE/src/main/java/org/systemmaster/tools/document/CanonicalDocumentGraphV2Migration.java,d53245661c4f58b17b82e65c8fe66a547bceb63d691211a85526e00c0dfb6a00,5662
01_CURRENT_DOCUMENT_PROCESSING_MODULE/src/main/java/org/systemmaster/tools/document/CanonicalDocumentGraphV2NativeAdapter.java,d7a5547c79be11166c8f7e84988442c5f15d87e5e934e2356ce662a2d7bc54ab,1400
01_CURRENT_DOCUMENT_PROCESSING_MODULE/src/main/java/org/systemmaster/tools/document/CanonicalDocumentGraphV2OperationAdapter.java,6f5a747d77fb5fcec5463df2ddd8d26df3c823b57d36dadd5b0e4435377b8e93,1400
01_CURRENT_DOCUMENT_PROCESSING_MODULE/src/main/java/org/systemmaster/tools/document/CanonicalDocumentGraphV2Projector.java,aa04ac7198191c88e1cfb0f040dd75e6269c08a745c52bb78a9068094d6d292d,181848
01_CURRENT_DOCUMENT_PROCESSING_MODULE/src/main/java/org/systemmaster/tools/document/DocumentFinalizationGate.java,8a1cc1cf37c0f667685e1c4375f0fe13ad95f27934d89adc049df70214c155e7,3644
01_CURRENT_DOCUMENT_PROCESSING_MODULE/src/main/java/org/systemmaster/tools/document/DocumentFormat.java,46f6e254a9ea42b8825ea59c774fbc3548008e21bbd2954545c41e099825b5d8,3378
01_CURRENT_DOCUMENT_PROCESSING_MODULE/src/main/java/org/systemmaster/tools/document/DocumentFormatCapabilities.java,22f479f2d99302cd64d00ce1efdc03eb74754e8f5af84715c2a01c491c5ae9d6,4580
01_CURRENT_DOCUMENT_PROCESSING_MODULE/src/main/java/org/systemmaster/tools/document/DocumentFormatDetector.java,1abb33c22e840b9b9b30c2c76f728ae42fa03b70cd6adf2e48b3e0c4b8a29bef,1850
01_CURRENT_DOCUMENT_PROCESSING_MODULE/src/main/java/org/systemmaster/tools/document/DocumentOperationContract.java,1c06712da35bf8e82cfa5e504660b046b5dd77b89d814cf28152fbd72b411bc6,9583
01_CURRENT_DOCUMENT_PROCESSING_MODULE/src/main/java/org/systemmaster/tools/document/DocumentProcessingService.java,dffb7b55e68e7f30acdb436ef97023487d4cf14479a3b7442fa34ff3723c12ac,12716
01_CURRENT_DOCUMENT_PROCESSING_MODULE/src/main/java/org/systemmaster/tools/document/DocumentProofReceipt.java,7275114e3042dad1a79163b971a6d3589b0e6169965b9a1433d0044a9c965a20,1602
01_CURRENT_DOCUMENT_PROCESSING_MODULE/src/main/java/org/systemmaster/tools/document/DocumentSelector.java,491276f130350a6f50d8e7fd743c344016505e8a1e6b01aa8da5628f859ec286,1621
01_CURRENT_DOCUMENT_PROCESSING_MODULE/src/main/java/org/systemmaster/tools/document/FinalDocumentProofPolicy.java,a8d22e7cf2793718cbc28c44cf5dc649ce3b8dbb26bf08230009f99ced095a42,5270
01_CURRENT_DOCUMENT_PROCESSING_MODULE/src/main/java/org/systemmaster/tools/document/GovernedCdg2MutationCoordinator.java,374c6941700e147e37ee893115c61ec2dfd82452d136db78e1dfea0cca8f43ee,12810
01_CURRENT_DOCUMENT_PROCESSING_MODULE/src/main/java/org/systemmaster/tools/document/LocalLibreOfficePopplerRenderWorker.java,1aeaddcc3002a41d5dbaeb0d03ef282b8ef7e4edffcd69ae109d0677bc0822a2,19603
01_CURRENT_DOCUMENT_PROCESSING_MODULE/src/main/java/org/systemmaster/tools/document/NativePartPreservationMap.java,fa4bff352d306bc19521081d4f944804cdea9ba8583fd03318d2d60572d58282,6613
01_CURRENT_DOCUMENT_PROCESSING_MODULE/src/main/java/org/systemmaster/tools/document/OpenWorldFeatureDiscovery.java,78cdc6c4d306b324a6e7732d71f2c328d4a2fab97ad8266e6f79fe8274d7ab67,3289
01_CURRENT_DOCUMENT_PROCESSING_MODULE/src/main/java/org/systemmaster/tools/document/ProofRequirementProfile.java,5418d38797d6d7d266a8181d5f653c0465c07216c52d5f4c4eb419a81109ee0d,1745
01_CURRENT_DOCUMENT_PROCESSING_MODULE/src/main/java/org/systemmaster/tools/document/RenderProofReceipt.java,0eb2c5a3d72f4b84247d66940da8bfc17339d7f357b50112a7f4d98d25d4ede6,5900
01_CURRENT_DOCUMENT_PROCESSING_MODULE/src/main/java/org/systemmaster/tools/document/RenderProofWorker.java,217fe3e66de14005ea24cd6bc33dda24d120b1054bbe842cff9862fc8b3707e0,1870
01_CURRENT_DOCUMENT_PROCESSING_MODULE/src/main/java/org/systemmaster/tools/document/SemanticCdg2NativeAdapter.java,653ea22a09091632dcd8d2eaa8ae15383bdb67f92733c6e66d67d07c5aa44e5c,76777
01_CURRENT_DOCUMENT_PROCESSING_MODULE/src/main/java/org/systemmaster/tools/document/TextDocumentEngine.java,04974fdbd0e782b9164a29dcdb29e00a045d83cedf581224dd3d1b87e20b509e,9917
01_CURRENT_DOCUMENT_PROCESSING_MODULE/src/main/java/org/systemmaster/tools/document/UniversalDocumentOperation.java,f98ddd2a3c3d684794ef824966052838f9539498d882c88e05e8ba11ee5dc9fa,2454
01_CURRENT_DOCUMENT_PROCESSING_MODULE/src/main/java/org/systemmaster/tools/document/VisualQaAnalyzer.java,53b465b67fef1b850d87814fadfef687b9f9c50743f48e9401f58b88c4dc7202,3584
01_CURRENT_DOCUMENT_PROCESSING_MODULE/src/main/java/org/systemmaster/tools/document/accessibility/AccessibilityComplianceEngine.java,1c48c7220d94f5d0ed77ba9b466d90b8fe4b5457d414256339797b4f8ced510f,35484
01_CURRENT_DOCUMENT_PROCESSING_MODULE/src/main/java/org/systemmaster/tools/document/accessibility/AccessibilityComplianceProfile.java,9925151e55b11505fa64b7b8daec05afca90cbd8347b2260a1d525d78f7be324,2743
01_CURRENT_DOCUMENT_PROCESSING_MODULE/src/main/java/org/systemmaster/tools/document/accessibility/AccessibilityNativeRemediator.java,6fecb8f502f9c8cdd01c4aff11eb58c940ff6b42e643c1fb1a3639ea2d732268,9531
01_CURRENT_DOCUMENT_PROCESSING_MODULE/src/main/java/org/systemmaster/tools/document/accessibility/AccessibilityRemediationPlan.java,2c7af3ffa6e45d14cebbe1c69c20155d5bdac840e1252c8f999fbe5bcddfe8f8,1382
01_CURRENT_DOCUMENT_PROCESSING_MODULE/src/main/java/org/systemmaster/tools/document/accessibility/AccessibilityValidatorPort.java,994bdc978bdfccecb21a4cced024ad67177c72b9c353568337bcd73a13b1f7c2,1790
01_CURRENT_DOCUMENT_PROCESSING_MODULE/src/main/java/org/systemmaster/tools/document/spine/DocumentSpineCheckpointStore.java,f932a7499c4d7d1a46c1d779c530c8585d1a492c711e66f3f5ba29e846357519,516
01_CURRENT_DOCUMENT_PROCESSING_MODULE/src/main/java/org/systemmaster/tools/document/spine/DocumentSpineDigests.java,dcc0daacb6612a6f4aad75b55ccae88c3f270548125e205e8733800b957afcf9,586
01_CURRENT_DOCUMENT_PROCESSING_MODULE/src/main/java/org/systemmaster/tools/document/spine/DocumentSpineExecutionPlan.java,f8d2b62011d6d977970bac68fab0efdb9f6f59933f330bfdeb5f791b423a9648,2344
01_CURRENT_DOCUMENT_PROCESSING_MODULE/src/main/java/org/systemmaster/tools/document/spine/DocumentSpineJob.java,f64f8e58de581c9a91aafbd49ce4ef382c2e5366791bfffa95715d9f716d60f1,2726
01_CURRENT_DOCUMENT_PROCESSING_MODULE/src/main/java/org/systemmaster/tools/document/spine/DocumentSpineMode.java,d444f5a97726dc5e8f0ccbdb7f9e58ff38847cc31e41c128149a939c26cafe7e,199
01_CURRENT_DOCUMENT_PROCESSING_MODULE/src/main/java/org/systemmaster/tools/document/spine/DocumentSpineProofService.java,074fd9f50e32e6cab8600dcbf419a47c4bfb03aa48de497ffe074ca76127898c,15756
01_CURRENT_DOCUMENT_PROCESSING_MODULE/src/main/java/org/systemmaster/tools/document/spine/DocumentSpinePublicationClass.java,3b713a9eb8bdc782e97069ef6b9e78468cacf294bb641e69c72189579f127ddc,211
01_CURRENT_DOCUMENT_PROCESSING_MODULE/src/main/java/org/systemmaster/tools/document/spine/DocumentSpinePublicationReceipt.java,08e2576ae31e09136b59354cb5763173af7082f43a1f5f609f40e964c3e676ee,1655
01_CURRENT_DOCUMENT_PROCESSING_MODULE/src/main/java/org/systemmaster/tools/document/spine/DocumentSpineResult.java,4480ae195c41f502d42abe02852532fb25c41fd4df893af21c1eb3c473b12d18,1908
01_CURRENT_DOCUMENT_PROCESSING_MODULE/src/main/java/org/systemmaster/tools/document/spine/DocumentSpineStage.java,75406b16ee79282a65f9773a44578345fdf965a6e3f20bf6f0481bd2092c0589,915
01_CURRENT_DOCUMENT_PROCESSING_MODULE/src/main/java/org/systemmaster/tools/document/spine/DocumentSpineStageReceipt.java,1de2f76ec5f9188b1b6f9ab9e447a81601b3b5f4d8371922e52f5f23d880f0f3,2158
01_CURRENT_DOCUMENT_PROCESSING_MODULE/src/main/java/org/systemmaster/tools/document/spine/DocumentSpineVersionReceipt.java,fa6df7ca01260b73ff603ea34551e690e317f025a560de98604a1a07c7dee44a,2443
01_CURRENT_DOCUMENT_PROCESSING_MODULE/src/main/java/org/systemmaster/tools/document/spine/DocumentSpineVersionStore.java,76ea3b7f36aa399fd27cfc9655b4df170c4ad10fa6997c0ef82635cbc854bf01,580
01_CURRENT_DOCUMENT_PROCESSING_MODULE/src/main/java/org/systemmaster/tools/document/spine/FileDocumentSpineCheckpointStore.java,d3eefb3372b7f6d7f789c28547119d2153fd5a4caae4c8fd7d25362e73b4de16,5547
01_CURRENT_DOCUMENT_PROCESSING_MODULE/src/main/java/org/systemmaster/tools/document/spine/FileDocumentSpineVersionStore.java,0901e0648f6a5f64f6947044c889599d526e220c67138a9444c473fc25a3e80f,5920
01_CURRENT_DOCUMENT_PROCESSING_MODULE/src/main/java/org/systemmaster/tools/document/spine/UniversalDocumentSpine.java,adc30b2beb8e7dc36d75746bc51127216ffe0086512dde10f7009e351abc602a,47168
01_CURRENT_DOCUMENT_PROCESSING_MODULE/src/main/java/org/systemmaster/tools/docx/DocxAdvancedSemanticMasteryEngine.java,11ddc17a41daff5e5d58b30585f71f36d4c6e92b9e3db8b9bbba1d3bf63e77f4,79162
01_CURRENT_DOCUMENT_PROCESSING_MODULE/src/main/java/org/systemmaster/tools/docx/DocxCapabilityDescriptors.java,64f6d01793d3ef284780d1f79b1b1595866ea6b9ee11e8987020e735d3348802,3664
01_CURRENT_DOCUMENT_PROCESSING_MODULE/src/main/java/org/systemmaster/tools/docx/DocxConformanceProfileMasteryEngine.java,16a6fec9bf8c6e8fcfb97c76c839f6b6124172cd2479aea139222a9ae5250a4a,32430
01_CURRENT_DOCUMENT_PROCESSING_MODULE/src/main/java/org/systemmaster/tools/docx/DocxDrawingChartMasteryEngine.java,02b4ea00b26408900516b03c946201b4cd8f02f3aa23434d7005a6533f5ec98c,45455
01_CURRENT_DOCUMENT_PROCESSING_MODULE/src/main/java/org/systemmaster/tools/docx/DocxFullLaneCapabilities.java,de75afc9855d3846ec14ca960c3d22830e90416ac84011fe3c69a59018267670,6419
01_CURRENT_DOCUMENT_PROCESSING_MODULE/src/main/java/org/systemmaster/tools/docx/DocxFullLaneEngine.java,65a3a879cf2e00b2db27612d278c72d22f132a54b523fa4604dcf586fa2d3f82,10760
01_CURRENT_DOCUMENT_PROCESSING_MODULE/src/main/java/org/systemmaster/tools/docx/DocxFullLaneService.java,c269a1f485a46e44dacd430c4a38feaef8210d05c6c427a6131f4fb0fbe36336,4721
01_CURRENT_DOCUMENT_PROCESSING_MODULE/src/main/java/org/systemmaster/tools/docx/DocxMarkupCompatibilityMasteryEngine.java,4f5bbb82ee11f1c022b2859d6eae53692986fedcc8b2ee90bc52facb4dda8b3f,58096
01_CURRENT_DOCUMENT_PROCESSING_MODULE/src/main/java/org/systemmaster/tools/docx/DocxNativeMasteryEngine.java,71f937c2ef50157ed51431d34b8e9c7ac6570b5ab155d9a1fa64630e9e5c7889,31300
01_CURRENT_DOCUMENT_PROCESSING_MODULE/src/main/java/org/systemmaster/tools/docx/DocxPackageEngine.java,d5f1684e435d7192c69e7a6836d697273b2f00a5429d6dba852a41637ea59e2e,14046
01_CURRENT_DOCUMENT_PROCESSING_MODULE/src/main/java/org/systemmaster/tools/docx/DocxPageArchitectureEngine.java,cbf71480accd32f0d80e6ac16d799ffb99d9c284389a2a0f0868fff38c07d22e,46474
01_CURRENT_DOCUMENT_PROCESSING_MODULE/src/main/java/org/systemmaster/tools/docx/DocxParagraphMechanicsEngine.java,79e5080ebdcfcb59a2d9fad92e2a8da03818f0bb48d610c7233e41d0abd37170,35087
01_CURRENT_DOCUMENT_PROCESSING_MODULE/src/main/java/org/systemmaster/tools/docx/DocxReviewProtectionMasteryEngine.java,d3a2e66aa522d4180f920c0ec67200cac23a0c9225d6be509165308d9f7779bc,65094
01_CURRENT_DOCUMENT_PROCESSING_MODULE/src/main/java/org/systemmaster/tools/docx/DocxStructuredMetadataMasteryEngine.java,4b5075c43560715c5ce5aa1d236711f2067f02cfefc4336e7501a1c706f1d39a,68286
01_CURRENT_DOCUMENT_PROCESSING_MODULE/src/main/java/org/systemmaster/tools/docx/DocxTableImageMasteryEngine.java,06aa5c5e0791d0c4d5eeaa34a124bf7348ffdf94dd093b9880f4765a5ca14b9a,53846
01_CURRENT_DOCUMENT_PROCESSING_MODULE/src/main/java/org/systemmaster/tools/docx/DocxToolService.java,7fad7209fe90e1ca6803af9932b0e5282f57cc3d64752884dbb07dd9583c2893,4740
01_CURRENT_DOCUMENT_PROCESSING_MODULE/src/main/java/org/systemmaster/tools/ocr/OcrCapabilityDescriptors.java,57236c478ed3c4738c4969f557239b8db1007d73060b0f25404d8364df344f52,2200
01_CURRENT_DOCUMENT_PROCESSING_MODULE/src/main/java/org/systemmaster/tools/ocr/OcrEnginePort.java,5bb2e87913211eb05162a6fe7748e816b9b35e83686174bf6a7aa43c6c4e2295,862
01_CURRENT_DOCUMENT_PROCESSING_MODULE/src/main/java/org/systemmaster/tools/ocr/OcrFullLaneCapabilities.java,1d44781cbca9d163e51506b5404426b2ddc3ea4199f0b187aa6dd3981a163c27,23490
01_CURRENT_DOCUMENT_PROCESSING_MODULE/src/main/java/org/systemmaster/tools/ocr/OcrFullLaneEngine.java,f0c6d54b30a39f70145e93cc6bd11a4c5004352603fce1258f011f6c2f929a17,4331
01_CURRENT_DOCUMENT_PROCESSING_MODULE/src/main/java/org/systemmaster/tools/ocr/OcrFullLaneService.java,5f8cd4deb9969ed7c9f7c21582c02d00eb656634b24816415d8f8e3279a78044,1318
01_CURRENT_DOCUMENT_PROCESSING_MODULE/src/main/java/org/systemmaster/tools/ocr/OcrSemanticActions.java,996c3bb08ed25c65c884f1d77c0c2be31a086d22cd725367df7204a527c494b3,5670
01_CURRENT_DOCUMENT_PROCESSING_MODULE/src/main/java/org/systemmaster/tools/ocr/TesseractOcrEnginePort.java,4998890c4913bbbf2a516c97cde0919b117e1917adfd4e9951a5f29ed186687a,3274
01_CURRENT_DOCUMENT_PROCESSING_MODULE/src/main/java/org/systemmaster/tools/pdf/LocalPdfCliEnginePort.java,62d4b65c2691638b0c6b31b4a5f412c2f393792303105fde7f7c74fa30e4bf1d,3422
01_CURRENT_DOCUMENT_PROCESSING_MODULE/src/main/java/org/systemmaster/tools/pdf/PdfCapabilityDescriptors.java,0187c5816d589c82fef0d1c73681912d0e019956ee67d690e26bb14bfb2fbb2f,2200
01_CURRENT_DOCUMENT_PROCESSING_MODULE/src/main/java/org/systemmaster/tools/pdf/PdfEnginePort.java,9fc99e01f59272abb2166b93b870bf2be63166cda00a110782bc43a07c9a9c7d,811
01_CURRENT_DOCUMENT_PROCESSING_MODULE/src/main/java/org/systemmaster/tools/pdf/PdfFullLaneCapabilities.java,16b52fda6519c588c98fdfd6f3f49640a4645436f6cb3316bf85773f2a3050cc,23197
01_CURRENT_DOCUMENT_PROCESSING_MODULE/src/main/java/org/systemmaster/tools/pdf/PdfFullLaneService.java,27218e81fef863ebfcd48c7a32a29031185c26d5f6401d33dc0f0d248eb6076e,1913
01_CURRENT_DOCUMENT_PROCESSING_MODULE/src/main/java/org/systemmaster/tools/pdf/PdfSemanticActions.java,fc4eb4f3c4398402decf774231a6860d4bd04af34c29f7fb0806b29184718fe8,6807
01_CURRENT_DOCUMENT_PROCESSING_MODULE/src/main/java/org/systemmaster/tools/pdf/PdfStructuralEngine.java,7a301eea74175976d6fd7bf4f38435d3bdc31c2ea702e386f0a0966cc456fd5c,4560
01_CURRENT_DOCUMENT_PROCESSING_MODULE/src/main/java/org/systemmaster/tools/pptx/PptxCapabilityDescriptors.java,84cdcb393bc5b42d508292510865709c9f9f83935a0c0b2dcdb97d4c7a8b3162,3931
01_CURRENT_DOCUMENT_PROCESSING_MODULE/src/main/java/org/systemmaster/tools/pptx/PptxFullLaneCapabilities.java,08dcf18058bc4b8887e4d4d62873a5b06e52eb0b0af2fc9243e705df9cf8c7f9,8986
01_CURRENT_DOCUMENT_PROCESSING_MODULE/src/main/java/org/systemmaster/tools/pptx/PptxFullLaneEngine.java,b4ac9053b1655e19652f6845136d080824af4d4a8a0d4dd3384f05f0ae482bb1,12259
01_CURRENT_DOCUMENT_PROCESSING_MODULE/src/main/java/org/systemmaster/tools/pptx/PptxFullLaneService.java,8030a8cefbba141b1c49fa69ee203843f51673099494465a80c3542929e32f76,1050
01_CURRENT_DOCUMENT_PROCESSING_MODULE/src/main/java/org/systemmaster/tools/pptx/PptxPackageEngine.java,b06fd0dcfbff217ce2a03e3a94c53ac35b17f98f140eadb631e9160407656578,3457
01_CURRENT_DOCUMENT_PROCESSING_MODULE/src/main/java/org/systemmaster/tools/review/DocumentReviewGraph.java,ade97e010b948ddaed03201959c5c54df58e7dbbbc389ba6ac40ab264402a2db,3329
01_CURRENT_DOCUMENT_PROCESSING_MODULE/src/main/java/org/systemmaster/tools/review/DocumentVersionSnapshot.java,fe4f760468e4bf0eade6c0a15681d7eb3b46f6450e7fc6cfe78c702efa170fe8,2153
01_CURRENT_DOCUMENT_PROCESSING_MODULE/src/main/java/org/systemmaster/tools/review/DocxCommentMapper.java,e6d879d896d81c2b59104bf993d376d8c01cd1f8286aed1478357caef579c2b6,6491
01_CURRENT_DOCUMENT_PROCESSING_MODULE/src/main/java/org/systemmaster/tools/review/DocxTrackedRevisionMapper.java,accd8f6d25f19886aadd83f1834f60d60f35991fa53d83f6a600db14b4221155,5639
01_CURRENT_DOCUMENT_PROCESSING_MODULE/src/main/java/org/systemmaster/tools/review/InMemoryDocumentVersionStore.java,e0c3827e47589f67e961fac067325a81f2594df7e49b9ab57da18abcc70a76c5,5239
01_CURRENT_DOCUMENT_PROCESSING_MODULE/src/main/java/org/systemmaster/tools/review/NativeReviewMappingReceipt.java,f9052355f829611e05ac1389d0ebb3e0f09c5c9a0879f37b10f4089d3201f865,1139
01_CURRENT_DOCUMENT_PROCESSING_MODULE/src/main/java/org/systemmaster/tools/review/PdfXfdfReviewExporter.java,2ced35bc50f05bbb6f1801552f6fb9db66e96a6672162f4a72bcb7f9f8330fbe,2709
01_CURRENT_DOCUMENT_PROCESSING_MODULE/src/main/java/org/systemmaster/tools/review/PptxClassicCommentMapper.java,bb65b79e00ef49c4d0b6f7bed928ab7ed9b9edf38cca49e6fde6738df1c6ee42,7600
01_CURRENT_DOCUMENT_PROCESSING_MODULE/src/main/java/org/systemmaster/tools/review/ReviewAnchor.java,9d5c593e04409be30397038a4f4a3d0e899a62ad81196b0604536b5ed2f33ad7,1303
01_CURRENT_DOCUMENT_PROCESSING_MODULE/src/main/java/org/systemmaster/tools/review/ReviewChange.java,ba7c636e95fc5ee8e6377c11d9a2b02828cd0f347b3d7cd3b42a3b64e0bf5a43,2057
01_CURRENT_DOCUMENT_PROCESSING_MODULE/src/main/java/org/systemmaster/tools/review/ReviewDecisionLedger.java,dc80446d497a05dd6c7a7275d38bc88b03ff7cb3a70d5380df24441358ada6cd,3349
01_CURRENT_DOCUMENT_PROCESSING_MODULE/src/main/java/org/systemmaster/tools/review/ReviewDecisionReceipt.java,a6f87fcd9bfdf32bd5fa291ebb883172c14c5869a545e2ad73a77588a8147229,2932
01_CURRENT_DOCUMENT_PROCESSING_MODULE/src/main/java/org/systemmaster/tools/review/ReviewDigests.java,bbf8d9bcbf9dc6f7712d239bd6518370e6560fb6b9cf3fdb633ca7b4dd191865,444
01_CURRENT_DOCUMENT_PROCESSING_MODULE/src/main/java/org/systemmaster/tools/review/ReviewResolutionPlanner.java,6fdd8eb1363b67322a9500536d00ba33844d78cba684744f1b73ed9825c28a70,1060
01_CURRENT_DOCUMENT_PROCESSING_MODULE/src/main/java/org/systemmaster/tools/review/SemanticDocumentDiffEngine.java,bab4b5551127bf2c4473d6ca2a0f756df2b59f914eb854fa9ac9fd58d80022a8,4733
01_CURRENT_DOCUMENT_PROCESSING_MODULE/src/main/java/org/systemmaster/tools/review/ThreeWaySemanticMerge.java,6aca375fb7dc1cc0454750cdeb34daa98a26f08c4b61fec7bce427d33c06fda7,2698
01_CURRENT_DOCUMENT_PROCESSING_MODULE/src/main/java/org/systemmaster/tools/review/VersionProofReceipt.java,585948f3a0f0eff6d5b30b1d39dceb70574deac001988e52ae20e84859e364df,2997
01_CURRENT_DOCUMENT_PROCESSING_MODULE/src/main/java/org/systemmaster/tools/review/VisualDiffAnalyzer.java,8fff33050928e2adc0f4717bd07ff8b170e5c4cad53aa50695bdd9e442c393aa,1748
01_CURRENT_DOCUMENT_PROCESSING_MODULE/src/main/java/org/systemmaster/tools/vision/ConfidenceCalibrationProfile.java,d8672efb0181ca39a58b2ed85753829036d4ee6b799cbad35b747e93392df08e,5667
01_CURRENT_DOCUMENT_PROCESSING_MODULE/src/main/java/org/systemmaster/tools/vision/ConfidenceCalibrationRegistry.java,3c10585ed7507eff4623658a7e2dbee30985b7b26d598062a1f2b136e7c5cb4d,2191
01_CURRENT_DOCUMENT_PROCESSING_MODULE/src/main/java/org/systemmaster/tools/vision/DifficultDocumentPlanner.java,9bfeecaf9041231df2beab8148f241a433e50a65ae1709b4abc87cddc055fc00,4917
01_CURRENT_DOCUMENT_PROCESSING_MODULE/src/main/java/org/systemmaster/tools/vision/DocumentVisionDigest.java,01e93417b869dbc71c8046e63b73cc583e465dcd535a0ff9b61efb6682c1e701,494
01_CURRENT_DOCUMENT_PROCESSING_MODULE/src/main/java/org/systemmaster/tools/vision/DocumentVisionPerceptionService.java,246ff81a12544cd2c6f917a3f2cfca8ea2d67f59c0a765aa8a27c97ec9aa77d8,8970
01_CURRENT_DOCUMENT_PROCESSING_MODULE/src/main/java/org/systemmaster/tools/vision/DocumentVisionPlan.java,ac0842e64aafb591d1fb53e7532e3c5bec30cce392f727024434bca960327a96,1506
01_CURRENT_DOCUMENT_PROCESSING_MODULE/src/main/java/org/systemmaster/tools/vision/DocumentVisionSourceProfile.java,1a2a0f2bf02c45f152c098200c7a3d725ebe46ca84cf406169ed054749cff725,2599
01_CURRENT_DOCUMENT_PROCESSING_MODULE/src/main/java/org/systemmaster/tools/vision/LocalVisionLanguageModelPort.java,1c718b24bb6ebe8b6fa58e53bb44dbc94ff91c145cfbc69f5cecb345eb944705,2557
01_CURRENT_DOCUMENT_PROCESSING_MODULE/src/main/java/org/systemmaster/tools/vision/LocalVlmProcessPort.java,25d886ed621191fff9b72c63a1752d58f2a58d70fc7441ef39cc70eb4fac6461,8500
01_CURRENT_DOCUMENT_PROCESSING_MODULE/src/main/java/org/systemmaster/tools/vision/OcrEnsembleExecutor.java,9875a78a8905b381f335772d23ef13a9099e8926e8fa6766b784916a3e331c10,16981
01_CURRENT_DOCUMENT_PROCESSING_MODULE/src/main/java/org/systemmaster/tools/vision/OpenCvPreprocessorPort.java,71dfeeb4f5a34fa39efcc9162a6f0cc5f01598a042bf90bddc5f335cf4f19acf,2872
01_CURRENT_DOCUMENT_PROCESSING_MODULE/src/main/java/org/systemmaster/tools/vision/PaddleStructureOcrEnginePort.java,708a900567d87bf8e71fc3b592a22f0bf3300c7f40223c4448b28f1137c717d7,8447
01_CURRENT_DOCUMENT_PROCESSING_MODULE/src/main/java/org/systemmaster/tools/vision/PageRegionProvenance.java,54424bbb2e0ca1a5b67b95ab497d5aa0fa909a6f2a84d9e555c21eeb68974eab,2790
01_CURRENT_DOCUMENT_PROCESSING_MODULE/src/main/java/org/systemmaster/tools/vision/PdfSourceForensics.java,33b3df6be34fcc873ddc3b295e396433e5849136f6bdacbf158d3f8d68851e91,4745
01_CURRENT_DOCUMENT_PROCESSING_MODULE/src/main/java/org/systemmaster/tools/vision/PythonOpenCvPreprocessor.java,dbe4b66e58cdfacd4fd549bd5dc8c33c013fb83a2c46453b84f50a0bbb297e13,7151
01_CURRENT_DOCUMENT_PROCESSING_MODULE/src/main/java/org/systemmaster/tools/vision/VisionLocalProcess.java,ec7eda9371b34cc291b94d87ba50e8d5c02267d50c10b7e592a4edd51e533659,3840
01_CURRENT_DOCUMENT_PROCESSING_MODULE/src/test/java/org/systemmaster/platform/windows/WindowsLocalFoundationPortableTests.java,165df26a897fe0ff0a8d12d189d69c300df365cee21cfcf98d106d6d4d38498b,5501
01_CURRENT_DOCUMENT_PROCESSING_MODULE/src/test/java/org/systemmaster/tools/design/DesignIntelligence001APortableTests.java,c94edb7e5b8d9f1fa17ebcc195f28582e56006f81f31e51517dee0ca3d7ad96c,18000
01_CURRENT_DOCUMENT_PROCESSING_MODULE/src/test/java/org/systemmaster/tools/design/FakeLocalVisualCriticWorkerMain.java,4262062d620b38c50b5862487454a716ba315acce921b146bc3d9e693b3d38ee,672
01_CURRENT_DOCUMENT_PROCESSING_MODULE/src/test/java/org/systemmaster/tools/design/LocalVisualCriticWindowsQualification.java,344907517be32e797c7240db7d4a9d971a0f8411972cee73580968e70cc14026,1830
01_CURRENT_DOCUMENT_PROCESSING_MODULE/src/test/java/org/systemmaster/tools/design/MasterpieceDesignFoundationPortableTests.java,3295fee9aa6594c2484dd2419ec200ebf55d6eed97d784ed8049d7da6c5927e6,3735
01_CURRENT_DOCUMENT_PROCESSING_MODULE/src/test/java/org/systemmaster/tools/design/MasterpieceDocxRenderQualification.java,731b5642537c569841d2123c4eb79069c17649ff9fd29608dfbdf792cb5ae172,5035
01_CURRENT_DOCUMENT_PROCESSING_MODULE/src/test/java/org/systemmaster/tools/design/MasterpiecePptxRenderQualification.java,fd78ace4a7a2c9064b1c4628283db9fbc0b51056eb3cc088e20114410e66c034,3728
01_CURRENT_DOCUMENT_PROCESSING_MODULE/src/test/java/org/systemmaster/tools/document/CanonicalDocumentGraphPortableTests.java,e200980cfde09139b9de0baac9e8fb5721cf29f27cd5111b13c4192712fd442f,7315
01_CURRENT_DOCUMENT_PROCESSING_MODULE/src/test/java/org/systemmaster/tools/document/CanonicalDocumentGraphV2PortableTests.java,012a5917ecc9618a30edb114d7e2c1858fff26277d4f1d1d4636350f62e55014,17842
01_CURRENT_DOCUMENT_PROCESSING_MODULE/src/test/java/org/systemmaster/tools/document/Df002aQh001SyncGatePortableTests.java,2a791e59b4cbe928bbbcbcd50dff884029717a155b578b532e6e20b4be3fab59,11899
01_CURRENT_DOCUMENT_PROCESSING_MODULE/src/test/java/org/systemmaster/tools/document/DocumentDocxMasteryT01ExternalQualification.java,c3da8a911a13023d3fb09c2442ce2809babc04e9a969e3a0b1e61ebc333d1e17,13204
01_CURRENT_DOCUMENT_PROCESSING_MODULE/src/test/java/org/systemmaster/tools/document/DocumentDocxMasteryT01PortableTests.java,e31bdc79298c1fe9b4960d17dc620c8a0872ff2e730483fa7228e1e101f79670,32396
01_CURRENT_DOCUMENT_PROCESSING_MODULE/src/test/java/org/systemmaster/tools/document/DocumentDocxMasteryT02ExternalQualification.java,ae4db74a58ae32634255f0d24dfa01040a093e341866ca94f3c0eb992ddaca1a,15632
01_CURRENT_DOCUMENT_PROCESSING_MODULE/src/test/java/org/systemmaster/tools/document/DocumentDocxMasteryT02PortableTests.java,935ff66842b27c498076c47f7c034e637ddea859ea2cfb9e09ce7cc3e6408686,41038
01_CURRENT_DOCUMENT_PROCESSING_MODULE/src/test/java/org/systemmaster/tools/document/DocumentDocxMasteryT03ExternalQualification.java,84e0b78dd04df2b73ebd33940da9ead523bf3de7b962f09373a249d707888afb,12738
01_CURRENT_DOCUMENT_PROCESSING_MODULE/src/test/java/org/systemmaster/tools/document/DocumentDocxMasteryT03PortableTests.java,99c492964f11ac4579d5eda82e4d33b425fc4090443142a681171abf3b0be4ab,31157
01_CURRENT_DOCUMENT_PROCESSING_MODULE/src/test/java/org/systemmaster/tools/document/DocumentDocxMasteryT04ExternalQualification.java,698a0e01d2179f3b31a021d46c66bc4b267ab206e5335a59a7a7b8def861a601,13315
01_CURRENT_DOCUMENT_PROCESSING_MODULE/src/test/java/org/systemmaster/tools/document/DocumentDocxMasteryT04PortableTests.java,edac18d3c8bd1be5382b3b307ad97e208cd04bbe58e028eeb9221ed2edf247f8,34160
01_CURRENT_DOCUMENT_PROCESSING_MODULE/src/test/java/org/systemmaster/tools/document/DocumentDocxMasteryT05ExternalQualification.java,8139547b215b6c0eed134a32699cab9ce50368063bdfaecfd9daab4b95d8d73f,13536
01_CURRENT_DOCUMENT_PROCESSING_MODULE/src/test/java/org/systemmaster/tools/document/DocumentDocxMasteryT05PortableTests.java,7c444cc2f6292b72b0c910be6d2dcba979e7b83f678f24c3dd8187e92fc012f3,26947
01_CURRENT_DOCUMENT_PROCESSING_MODULE/src/test/java/org/systemmaster/tools/document/DocumentDocxMasteryT06ExternalQualification.java,141ba094ca622c96862636087f0341ebc435a18b84d47f7191cc1ddcbca49bba,15512
01_CURRENT_DOCUMENT_PROCESSING_MODULE/src/test/java/org/systemmaster/tools/document/DocumentDocxMasteryT06PortableTests.java,5b80a143f54e3021e6001141b754422bd2c5ebf729f0870cb6e02429cf996f66,40852
01_CURRENT_DOCUMENT_PROCESSING_MODULE/src/test/java/org/systemmaster/tools/document/DocumentDocxMasteryT07ExternalQualification.java,31029bf282c1c5db405805ad292c4716bbd048cf211e04e0889cb3c2c244376c,11597
01_CURRENT_DOCUMENT_PROCESSING_MODULE/src/test/java/org/systemmaster/tools/document/DocumentDocxMasteryT07PortableTests.java,b315adf4cc420852ef218fe2cb38997d35b83dad3fbe0c9a15584df77ed1d2dc,34274
01_CURRENT_DOCUMENT_PROCESSING_MODULE/src/test/java/org/systemmaster/tools/document/DocumentDocxMasteryT08ExternalQualification.java,d707fc75981484315859a4747d687c41e5358cc03ec55cdefb15cb68a988cac1,11644
01_CURRENT_DOCUMENT_PROCESSING_MODULE/src/test/java/org/systemmaster/tools/document/DocumentDocxMasteryT08PortableTests.java,a8814121783b75baa8bee89e4fde9350b5ceae8213b02b6aa46c62fec9b78fdd,29417
01_CURRENT_DOCUMENT_PROCESSING_MODULE/src/test/java/org/systemmaster/tools/document/DocumentDocxMasteryT13ExternalQualification.java,0680a9c70a8170dd3cefc96c02ab131fe0bc781a2c1a137630ea6be0013206ee,8984
01_CURRENT_DOCUMENT_PROCESSING_MODULE/src/test/java/org/systemmaster/tools/document/DocumentDocxMasteryT13PortableTests.java,d7667300940a1f611a9442ea59ec220450560d8ac70ce23d94e38fbe9a04e935,41546
01_CURRENT_DOCUMENT_PROCESSING_MODULE/src/test/java/org/systemmaster/tools/document/DocumentDocxMasteryT14ExternalQualification.java,c706712379e4895f9959540630cd507b228cb94591e3a9e120495b6df7e3ef10,8662
01_CURRENT_DOCUMENT_PROCESSING_MODULE/src/test/java/org/systemmaster/tools/document/DocumentDocxMasteryT14PortableTests.java,4dfd4fb851403de3730efc3f79b0cab3f6ce661313ade5700a2100523348e18a,20377
01_CURRENT_DOCUMENT_PROCESSING_MODULE/src/test/java/org/systemmaster/tools/document/DocumentProcessingPortableTests.java,592b7d08f89c0b7ced1759c97a2a4dad5653d290a0fd0075d139da8c221dbaa8,7840
01_CURRENT_DOCUMENT_PROCESSING_MODULE/src/test/java/org/systemmaster/tools/document/DocumentSpine002AExternalQualification.java,4ef9a584d9925078df892593e45fe443153a303d33aa3fb6450f540a72765d32,12173
01_CURRENT_DOCUMENT_PROCESSING_MODULE/src/test/java/org/systemmaster/tools/document/DocumentSpine002APortableTests.java,e496add762f96acd9c32090365e1c9220999c033b43a3ba7a47d54ad6f646629,26021
01_CURRENT_DOCUMENT_PROCESSING_MODULE/src/test/java/org/systemmaster/tools/document/DocumentWorldClass001APortableTests.java,9d5a7ef3aa41c95da50ccd2709a8015fe7862670f37b4ea0b6d5753ec973a326,13956
01_CURRENT_DOCUMENT_PROCESSING_MODULE/src/test/java/org/systemmaster/tools/document/DocumentWorldClass001ARenderQualification.java,3caa94e427fb8ccf3587bdf759185781b5a9aeec2e8e058f0516872737cd6d73,5715
01_CURRENT_DOCUMENT_PROCESSING_MODULE/src/test/java/org/systemmaster/tools/document/DocumentWorldClass001CExternalQualification.java,a758174c67d90c0cf421249bd5fb7b56809cd78ec186d7f8495ce22a33a9094d,13065
01_CURRENT_DOCUMENT_PROCESSING_MODULE/src/test/java/org/systemmaster/tools/document/DocumentWorldClass001CPortableTests.java,ff198f72d8761f2fcb1e5dd0f146bfce5845310660f1000f1404b35f2694e91a,34825
01_CURRENT_DOCUMENT_PROCESSING_MODULE/src/test/java/org/systemmaster/tools/document/UniversalRenderProofQualification.java,1a2e778f2bc94b30dc424e6139a60d399dee54119c57e872dbd26241605552d9,7656
01_CURRENT_DOCUMENT_PROCESSING_MODULE/src/test/java/org/systemmaster/tools/docx/DocxFullLanePortableTests.java,616b7dfc8ed66baf14af083400458d2e6384c75816274ef0b244508854050287,6757
01_CURRENT_DOCUMENT_PROCESSING_MODULE/src/test/java/org/systemmaster/tools/docx/DocxToolPortableTests.java,ef86eaf7fab5862fe6f282546fc9dba622df079a55d0ef8822d9a4655f254f84,7835
01_CURRENT_DOCUMENT_PROCESSING_MODULE/src/test/java/org/systemmaster/tools/ocr/OcrFullLanePortableTests.java,1ed5ef0c67c80e4f760b321bff70be5bfbd7348e2c25fa4eba9288f4e3e7eb63,3142
01_CURRENT_DOCUMENT_PROCESSING_MODULE/src/test/java/org/systemmaster/tools/ocr/OcrTesseractQualification.java,2132de16fd6818701ea23dfcec7e9eaba30870e81099b8fb6af862f8c609ed8a,1538
01_CURRENT_DOCUMENT_PROCESSING_MODULE/src/test/java/org/systemmaster/tools/pdf/PdfFullLanePortableTests.java,388d4924987f00db691404692dd45598389f7ca2b750861175efaed51e19dd02,2593
01_CURRENT_DOCUMENT_PROCESSING_MODULE/src/test/java/org/systemmaster/tools/pdf/PdfLocalToolchainQualification.java,3f740c2f9a23daea019ce16e4e6e93061ccd7c2c0b585e2b78352646030cbc8b,1177
01_CURRENT_DOCUMENT_PROCESSING_MODULE/src/test/java/org/systemmaster/tools/pptx/PptxFullLanePortableTests.java,4abb30e18631c273f483dd50dbe05716c192744c340f222962ced7dbb8159c1d,7699
01_CURRENT_DOCUMENT_PROCESSING_MODULE/src/test/java/org/systemmaster/tools/pptx/PptxLibreOfficeQualification.java,6ba9fa435fc38a2d8709fdb6fcc1939db51b6eb81046d235dfef0e840c5472b3,2218
01_CURRENT_DOCUMENT_PROCESSING_MODULE/src/test/java/org/systemmaster/tools/review/DocumentWorldClass001BPortableTests.java,d1c466cc013f766635c1cd041ad6e3955c463d942b3d9ae611bed1618d5a407b,14579
01_CURRENT_DOCUMENT_PROCESSING_MODULE/src/test/java/org/systemmaster/tools/review/DocumentWorldClass001BRenderQualification.java,5374883053d5168417e1388f6ef6952de043e0c7912a35b265dd911f8c8629b2,7962
01_CURRENT_DOCUMENT_PROCESSING_MODULE/src/test/java/org/systemmaster/tools/vision/DifficultDocumentPlannerPortableTests.java,3d0424b9bf441ab8e2e6fb772a90e86334ca6e85df2fa54b91f381ee4e895f6d,4061
01_CURRENT_DOCUMENT_PROCESSING_MODULE/src/test/java/org/systemmaster/tools/vision/DocumentVision001APortableTests.java,af20b3083e651028fa461f14c9068ba1428bcfa1e968c0dfc28bfca4db38f201,11046
01_CURRENT_DOCUMENT_PROCESSING_MODULE/src/test/java/org/systemmaster/tools/vision/FakeLocalVlmWorkerMain.java,e7087e7384795975b918cae5ce76860520414a08af4bc36689e0c0c169b522fe,846
01_CURRENT_DOCUMENT_PROCESSING_MODULE/src/test/java/org/systemmaster/tools/vision/LocalVlmProcessPortPortableTests.java,e662f7e989745d29e4db7414bd021be9dd8099c29b8295c06be56f2fe1f99a71,3364
01_CURRENT_DOCUMENT_PROCESSING_MODULE/src/test/java/org/systemmaster/tools/vision/LocalVlmWindowsQualification.java,b77617772367fb46a3b07c52bd4263722ecac3c00e7441c5223417c07c7b2d8a,3250
01_CURRENT_DOCUMENT_PROCESSING_MODULE/src/test/java/org/systemmaster/tools/vision/OpenCvDocumentVisionQualification.java,21889506a49669d9a1fda355c96f938ab951ce36605826e7995fb1e846f7ad94,3952
01_CURRENT_DOCUMENT_PROCESSING_MODULE/src/test/java/org/systemmaster/tools/vision/PaddleStructureAdapterPortableTests.java,36472393ce938df4bcb23d25e8d58edd32bcb7cce1b85db740d909726555c8c6,2227
01_CURRENT_DOCUMENT_PROCESSING_MODULE/src/test/java/org/systemmaster/tools/vision/PaddleStructureWindowsQualification.java,72c34d28591fabeb2bfbd4952d02dd37f85ef6f0376baa2a1cf5aae3ac6672a6,3072
01_CURRENT_DOCUMENT_PROCESSING_MODULE/src/test/java/org/systemmaster/tools/vision/PdfSourceForensicsPortableTests.java,044670a7bddb59a90fea44f99726cb65d8425fc6e8fe9941dda54b2d61bba077,3555
